npm warn tar TAR_ENTRY_ERROR ENOENT: no such file or directory, lstat 'C:\Users\GCCHackVM\hackthon\PNCAgent\PNCAI\frontend\node_modules\ajv-keywords\dist\definitions'
npm warn tar TAR_ENTRY_ERROR ENOENT: no such file or directory, lstat 'C:\Users\GCCHackVM\hackthon\PNCAgent\PNCAI\frontend\node_modules\caniuse-lite\data'
npm warn tar TAR_ENTRY_ERROR ENOENT: no such file or directory, open 'C:\Users\GCCHackVM\hackthon\PNCAgent\PNCAI\frontend\node_modules\regenerate-unicode-properties\Script_Extensions\Bassa_Vah.js'
npm warn tar TAR_ENTRY_ERROR ENOENT: no such file or directory, open 'C:\Users\GCCHackVM\hackthon\PNCAgent\PNCAI\frontend\node_modules\enhanced-resolve\lib\getPaths.js'
npm warn tar TAR_ENTRY_ERROR ENOENT: no such file or directory, lstat 'C:\Users\GCCHackVM\hackthon\PNCAgent\PNCAI\frontend\node_modules\ajv\dist\compile\validate'
npm warn tar TAR_ENTRY_ERROR ENOENT: no such file or directory, lstat 'C:\Users\GCCHackVM\hackthon\PNCAgent\PNCAI\frontend\node_modules\postcss-selector-parser\dist\selectors'
npm warn tar TAR_ENTRY_ERROR ENOENT: no such file or directory, open 'C:\Users\GCCHackVM\hackthon\PNCAgent\PNCAI\frontend\node_modules\hono\dist\cjs\client\client.js'
npm warn tar TAR_ENTRY_ERROR ENOENT: no such file or directory, open 'C:\Users\GCCHackVM\hackthon\PNCAgent\PNCAI\frontend\node_modules\object-inspect\test\indent-option.js'
npm warn tar TAR_ENTRY_ERROR ENOENT: no such file or directory, open 'C:\Users\GCCHackVM\hackthon\PNCAgent\PNCAI\frontend\node_modules\oxc-parser\src-js\raw-transfer\lazy-common.js'
npm warn tar TAR_ENTRY_ERROR ENOENT: no such file or directory, lstat 'C:\Users\GCCHackVM\hackthon\PNCAgent\PNCAI\frontend\node_modules\lmdb\dependencies\lmdb'
npm warn tar TAR_ENTRY_ERROR ENOENT: no such file or directory, lstat 'C:\Users\GCCHackVM\hackthon\PNCAgent\PNCAI\frontend\node_modules\memfs\lib'
npm warn tar TAR_ENTRY_ERROR ENOENT: no such file or directory, open 'C:\Users\GCCHackVM\hackthon\PNCAgent\PNCAI\frontend\node_modules\autoprefixer\lib\browsers.js'
npm warn tar TAR_ENTRY_ERROR ENOENT: no such file or directory, open 'C:\Users\GCCHackVM\hackthon\PNCAgent\PNCAI\frontend\node_modules\webpack\lib\dependencies\AMDRequireDependency.js'
npm warn tar TAR_ENTRY_ERROR ENOENT: no such file or directory, lstat 'C:\Users\GCCHackVM\hackthon\PNCAgent\PNCAI\frontend\node_modules\@jsonjoy.com\json-pack\lib'
npm warn tar TAR_ENTRY_ERROR ENOENT: no such file or directory, open 'C:\Users\GCCHackVM\hackthon\PNCAgent\PNCAI\frontend\node_modules\@angular-devkit\architect\src\jobs\fallback-registry.js'
npm warn tar TAR_ENTRY_ERROR ENOENT: no such file or directory, lstat 'C:\Users\GCCHackVM\hackthon\PNCAgent\PNCAI\frontend\node_modules\@jsonjoy.com\fs-node-builtins\lib'
npm warn tar TAR_ENTRY_ERROR ENOENT: no such file or directory, lstat 'C:\Users\GCCHackVM\hackthon\PNCAgent\PNCAI\frontend\node_modules\@peculiar\asn1-x509\build\cjs\extensions'
npm warn tar TAR_ENTRY_ERROR ENOENT: no such file or directory, open 'C:\Users\GCCHackVM\hackthon\PNCAgent\PNCAI\frontend\node_modules\@jsonjoy.com\buffers\lib\b.js.map'
npm warn tar TAR_ENTRY_ERROR ENOENT: no such file or directory, open 'C:\Users\GCCHackVM\hackthon\PNCAgent\PNCAI\frontend\node_modules\@angular-devkit\schematics\tasks\package-manager\executor.js'
npm warn tar TAR_ENTRY_ERROR ENOENT: no such file or directory, lstat 'C:\Users\GCCHackVM\hackthon\PNCAgent\PNCAI\frontend\node_modules\@angular\material\schematics'
npm warn tar TAR_ENTRY_ERROR ENOENT: no such file or directory, lstat 'C:\Users\GCCHackVM\hackthon\PNCAgent\PNCAI\frontend\node_modules\@hono\node-server\dist\utils'
npm warn tar TAR_ENTRY_ERROR ENOENT: no such file or directory, lstat 'C:\Users\GCCHackVM\hackthon\PNCAgent\PNCAI\frontend\node_modules\jose\dist'
npm warn tar TAR_ENTRY_ERROR ENOENT: no such file or directory, open 'C:\Users\GCCHackVM\hackthon\PNCAgent\PNCAI\frontend\node_modules\@angular-devkit\core\src\logger\indent.js'
npm warn tar TAR_ENTRY_ERROR ENOENT: no such file or directory, open 'C:\Users\GCCHackVM\hackthon\PNCAgent\PNCAI\frontend\node_modules\yargs\build\lib\utils\obj-filter.js'
npm warn tar TAR_ENTRY_ERROR ENOENT: no such file or directory, open 'C:\Users\GCCHackVM\hackthon\PNCAgent\PNCAI\frontend\node_modules\fast-uri\lib\schemes.js'
npm warn tar TAR_ENTRY_ERROR ENOENT: no such file or directory, open 'C:\Users\GCCHackVM\hackthon\PNCAgent\PNCAI\frontend\node_modules\@noble\hashes\esm\hmac.js'
npm warn tar TAR_ENTRY_ERROR ENOENT: no such file or directory, open 'C:\Users\GCCHackVM\hackthon\PNCAgent\PNCAI\frontend\node_modules\websocket-driver\lib\websocket\streams.js'
npm warn tar TAR_ENTRY_ERROR ENOENT: no such file or directory, lstat 'C:\Users\GCCHackVM\hackthon\PNCAgent\PNCAI\frontend\node_modules\rxjs\dist'
npm warn tar TAR_ENTRY_ERROR ENOENT: no such file or directory, open 'C:\Users\GCCHackVM\hackthon\PNCAgent\PNCAI\frontend\node_modules\thingies\lib\of.js'
npm warn tar TAR_ENTRY_ERROR ENOENT: no such file or directory, open 'C:\Users\GCCHackVM\hackthon\PNCAgent\PNCAI\frontend\node_modules\@angular\core\schematics\bundles\http-xhr-backend.cjs'
npm warn tar TAR_ENTRY_ERROR ENOENT: no such file or directory, lstat 'C:\Users\GCCHackVM\hackthon\PNCAgent\PNCAI\frontend\node_modules\@babel\preset-modules\src\plugins'
npm warn tar TAR_ENTRY_ERROR ENOENT: no such file or directory, open 'C:\Users\GCCHackVM\hackthon\PNCAgent\PNCAI\frontend\node_modules\@webassemblyjs\ast\esm\node-path.js'
npm warn tar TAR_ENTRY_ERROR ENOENT: no such file or directory, lstat 'C:\Users\GCCHackVM\hackthon\PNCAgent\PNCAI\frontend\node_modules\@jsonjoy.com\fs-fsa\lib'
npm warn tar TAR_ENTRY_ERROR ENOENT: no such file or directory, lstat 'C:\Users\GCCHackVM\hackthon\PNCAgent\PNCAI\frontend\node_modules\http-proxy-middleware\dist'
npm warn tar TAR_ENTRY_ERROR ENOENT: no such file or directory, lstat 'C:\Users\GCCHackVM\hackthon\PNCAgent\PNCAI\frontend\node_modules\istanbul-lib-instrument\node_modules\@babel\generator\lib\generators'
npm warn tar TAR_ENTRY_ERROR ENOENT: no such file or directory, lstat 'C:\Users\GCCHackVM\hackthon\PNCAgent\PNCAI\frontend\node_modules\@inquirer\core\dist\lib'
npm warn tar TAR_ENTRY_ERROR ENOENT: no such file or directory, open 'C:\Users\GCCHackVM\hackthon\PNCAgent\PNCAI\frontend\node_modules\readable-stream\lib\internal\streams\state.js'
npm warn tar TAR_ENTRY_ERROR ENOENT: no such file or directory, lstat 'C:\Users\GCCHackVM\hackthon\PNCAgent\PNCAI\frontend\node_modules\tsyringe\dist'
npm warn tar TAR_ENTRY_ERROR ENOENT: no such file or directory, lstat 'C:\Users\GCCHackVM\hackthon\PNCAgent\PNCAI\frontend\node_modules\webpack-sources\lib\helpers'
npm warn tar TAR_ENTRY_ERROR ENOENT: no such file or directory, lstat 'C:\Users\GCCHackVM\hackthon\PNCAgent\PNCAI\frontend\node_modules\@jsonjoy.com\util\lib'
npm warn tar TAR_ENTRY_ERROR ENOENT: no such file or directory, open 'C:\Users\GCCHackVM\hackthon\PNCAgent\PNCAI\frontend\node_modules\zod\package.json'
npm warn tar TAR_ENTRY_ERROR ENOENT: no such file or directory, open 'C:\Users\GCCHackVM\hackthon\PNCAgent\PNCAI\frontend\node_modules\iconv-lite\encodings\tables\big5-added.json'
npm warn tar TAR_ENTRY_ERROR ENOENT: no such file or directory, lstat 'C:\Users\GCCHackVM\hackthon\PNCAgent\PNCAI\frontend\node_modules\ajv-keywords\dist'
npm warn tar TAR_ENTRY_ERROR ENOENT: no such file or directory, open 'C:\Users\GCCHackVM\hackthon\PNCAgent\PNCAI\frontend\node_modules\@ngrx\store\migrations\8_0_0-beta\index.js'
npm warn tar TAR_ENTRY_ERROR ENOENT: no such file or directory, open 'C:\Users\GCCHackVM\hackthon\PNCAgent\PNCAI\frontend\node_modules\@schematics\angular\migrations\use-application-builder\css-import-lexer.js'
npm warn tar TAR_ENTRY_ERROR ENOENT: no such file or directory, open 'C:\Users\GCCHackVM\hackthon\PNCAgent\PNCAI\frontend\node_modules\dom-serializer\node_modules\entities\lib\index.js'
npm warn tar TAR_ENTRY_ERROR ENOENT: no such file or directory, open 'C:\Users\GCCHackVM\hackthon\PNCAgent\PNCAI\frontend\node_modules\@peculiar\asn1-schema\build\es2015\errors\index.js'
npm warn tar TAR_ENTRY_ERROR ENOENT: no such file or directory, open 'C:\Users\GCCHackVM\hackthon\PNCAgent\PNCAI\frontend\node_modules\piscina\dist\task_queue\index.js'
npm warn tar TAR_ENTRY_ERROR ENOENT: no such file or directory, lstat 'C:\Users\GCCHackVM\hackthon\PNCAgent\PNCAI\frontend\node_modules\caniuse-lite\data'
npm warn tar TAR_ENTRY_ERROR ENOENT: no such file or directory, lstat 'C:\Users\GCCHackVM\hackthon\PNCAgent\PNCAI\frontend\node_modules\zod-to-json-schema\dist'
npm warn tar TAR_ENTRY_ERROR ENOENT: no such file or directory, lstat 'C:\Users\GCCHackVM\hackthon\PNCAgent\PNCAI\frontend\node_modules\source-map-loader\node_modules\iconv-lite\encodings'
npm warn tar TAR_ENTRY_ERROR ENOENT: no such file or directory, open 'C:\Users\GCCHackVM\hackthon\PNCAgent\PNCAI\frontend\node_modules\istanbul-lib-instrument\node_modules\@babel\traverse\lib\path\evaluation.js'
npm warn tar TAR_ENTRY_ERROR ENOENT: no such file or directory, lstat 'C:\Users\GCCHackVM\hackthon\PNCAgent\PNCAI\frontend\node_modules\@jsonjoy.com\fs-snapshot\lib'
npm warn tar TAR_ENTRY_ERROR ENOENT: no such file or directory, lstat 'C:\Users\GCCHackVM\hackthon\PNCAgent\PNCAI\frontend\node_modules\htmlparser2\node_modules\entities\dist'
npm warn tar TAR_ENTRY_ERROR ENOENT: no such file or directory, open 'C:\Users\GCCHackVM\hackthon\PNCAgent\PNCAI\frontend\node_modules\@jsonjoy.com\fs-core\lib\errors.js'
npm warn tar TAR_ENTRY_ERROR ENOENT: no such file or directory, lstat 'C:\Users\GCCHackVM\hackthon\PNCAgent\PNCAI\frontend\node_modules\chardet\lib'
npm warn tar TAR_ENTRY_ERROR ENOENT: no such file or directory, open 'C:\Users\GCCHackVM\hackthon\PNCAgent\PNCAI\frontend\node_modules\@peculiar\asn1-x509-attr\build\cjs\clearance.js'
npm warn tar TAR_ENTRY_ERROR ENOENT: no such file or directory, open 'C:\Users\GCCHackVM\hackthon\PNCAgent\PNCAI\frontend\node_modules\@peculiar\asn1-rsa\build\es2015\parameters\rsaes_oaep.js'
npm warn tar TAR_ENTRY_ERROR ENOENT: no such file or directory, open 'C:\Users\GCCHackVM\hackthon\PNCAgent\PNCAI\frontend\node_modules\neo-async\doWhilst.js'
npm warn tar TAR_ENTRY_ERROR ENOENT: no such file or directory, lstat 'C:\Users\GCCHackVM\hackthon\PNCAgent\PNCAI\frontend\node_modules\@babel\runtime\helpers'
npm warn tar TAR_ENTRY_ERROR ENOENT: no such file or directory, lstat 'C:\Users\GCCHackVM\hackthon\PNCAgent\PNCAI\frontend\node_modules\needle\node_modules\iconv-lite\encodings'
npm warn tar TAR_ENTRY_ERROR ENOENT: no such file or directory, lstat 'C:\Users\GCCHackVM\hackthon\PNCAgent\PNCAI\frontend\node_modules\istanbul-lib-instrument\node_modules\@babel\core\lib\config\files'
npm warn tar TAR_ENTRY_ERROR ENOENT: no such file or directory, lstat 'C:\Users\GCCHackVM\hackthon\PNCAgent\PNCAI\frontend\node_modules\@parcel\watcher\src\wasm'
npm warn tar TAR_ENTRY_ERROR ENOENT: no such file or directory, lstat 'C:\Users\GCCHackVM\hackthon\PNCAgent\PNCAI\frontend\node_modules\@modelcontextprotocol\sdk\dist\cjs\server\auth\handlers'
npm warn tar TAR_ENTRY_ERROR ENOENT: no such file or directory, open 'C:\Users\GCCHackVM\hackthon\PNCAgent\PNCAI\frontend\node_modules\@jsonjoy.com\json-pack\node_modules\@jsonjoy.com\buffers\lib\utf8\sharedCachedUtf8Decoder.js'
npm warn tar TAR_ENTRY_ERROR ENOENT: no such file or directory, lstat 'C:\Users\GCCHackVM\hackthon\PNCAgent\PNCAI\frontend\node_modules\regenerate-unicode-properties\Script'
npm warn tar TAR_ENTRY_ERROR ENOENT: no such file or directory, lstat 'C:\Users\GCCHackVM\hackthon\PNCAgent\PNCAI\frontend\node_modules\enhanced-resolve\lib'
npm warn tar TAR_ENTRY_ERROR ENOENT: no such file or directory, lstat 'C:\Users\GCCHackVM\hackthon\PNCAgent\PNCAI\frontend\node_modules\ajv\dist'
npm warn tar TAR_ENTRY_ERROR ENOENT: no such file or directory, lstat 'C:\Users\GCCHackVM\hackthon\PNCAgent\PNCAI\frontend\node_modules\less\node_modules\source-map\dist'
npm warn tar TAR_ENTRY_ERROR ENOENT: no such file or directory, lstat 'C:\Users\GCCHackVM\hackthon\PNCAgent\PNCAI\frontend\node_modules\@babel\core\lib'
npm warn tar TAR_ENTRY_ERROR ENOENT: no such file or directory, open 'C:\Users\GCCHackVM\hackthon\PNCAgent\PNCAI\frontend\node_modules\webpack-dev-server\client\clients\WebSocketClient.js'
npm warn tar TAR_ENTRY_ERROR ENOENT: no such file or directory, lstat 'C:\Users\GCCHackVM\hackthon\PNCAgent\PNCAI\frontend\node_modules\postcss-selector-parser\dist'
npm warn tar TAR_ENTRY_ERROR ENOENT: no such file or directory, open 'C:\Users\GCCHackVM\hackthon\PNCAgent\PNCAI\frontend\node_modules\@jsonjoy.com\util\node_modules\@jsonjoy.com\buffers\lib\utf8\sharedCachedUtf8Decoder.js'
npm warn tar TAR_ENTRY_ERROR ENOENT: no such file or directory, lstat 'C:\Users\GCCHackVM\hackthon\PNCAgent\PNCAI\frontend\node_modules\hono\dist'
npm warn tar TAR_ENTRY_ERROR ENOENT: no such file or directory, open 'C:\Users\GCCHackVM\hackthon\PNCAgent\PNCAI\frontend\node_modules\object-inspect\index.js'
npm warn tar TAR_ENTRY_ERROR ENOENT: no such file or directory, lstat 'C:\Users\GCCHackVM\hackthon\PNCAgent\PNCAI\frontend\node_modules\istanbul-lib-instrument\node_modules\@babel\types\lib\builders\generated'
npm warn tar TAR_ENTRY_ERROR ENOENT: no such file or directory, lstat 'C:\Users\GCCHackVM\hackthon\PNCAgent\PNCAI\frontend\node_modules\oxc-parser\src-js'
npm warn tar TAR_ENTRY_ERROR ENOENT: no such file or directory, open 'C:\Users\GCCHackVM\hackthon\PNCAgent\PNCAI\frontend\node_modules\probe-image-size\lib\parse_sync\png.js'
npm warn tar TAR_ENTRY_ERROR ENOENT: no such file or directory, open 'C:\Users\GCCHackVM\hackthon\PNCAgent\PNCAI\frontend\node_modules\istanbul-lib-instrument\node_modules\@babel\helpers\lib\helpers\applyDecs2203R.js.map'
npm warn tar TAR_ENTRY_ERROR ENOENT: no such file or directory, lstat 'C:\Users\GCCHackVM\hackthon\PNCAgent\PNCAI\frontend\node_modules\lmdb\dependencies'
npm warn tar TAR_ENTRY_ERROR ENOENT: no such file or directory, lstat 'C:\Users\GCCHackVM\hackthon\PNCAgent\PNCAI\frontend\node_modules\memfs\lib'
npm warn tar TAR_ENTRY_ERROR ENOENT: no such file or directory, lstat 'C:\Users\GCCHackVM\hackthon\PNCAgent\PNCAI\frontend\node_modules\autoprefixer\lib'
npm warn tar TAR_ENTRY_ERROR ENOENT: no such file or directory, lstat 'C:\Users\GCCHackVM\hackthon\PNCAgent\PNCAI\frontend\node_modules\webpack\lib'
npm warn tar TAR_ENTRY_ERROR ENOENT: no such file or directory, lstat 'C:\Users\GCCHackVM\hackthon\PNCAgent\PNCAI\frontend\node_modules\@babel\helper-split-export-declaration\node_modules\@babel\types\lib\builders\generated'
npm warn tar TAR_ENTRY_ERROR ENOENT: no such file or directory, lstat 'C:\Users\GCCHackVM\hackthon\PNCAgent\PNCAI\frontend\node_modules\@angular\cdk\schematics'
npm warn tar TAR_ENTRY_ERROR ENOENT: no such file or directory, lstat 'C:\Users\GCCHackVM\hackthon\PNCAgent\PNCAI\frontend\node_modules\@jsonjoy.com\json-pack\lib'
npm warn tar TAR_ENTRY_ERROR ENOENT: no such file or directory, lstat 'C:\Users\GCCHackVM\hackthon\PNCAgent\PNCAI\frontend\node_modules\@angular\common\locales'
npm warn tar TAR_ENTRY_ERROR ENOENT: no such file or directory, lstat 'C:\Users\GCCHackVM\hackthon\PNCAgent\PNCAI\frontend\node_modules\less\lib\less'
npm warn tar TAR_ENTRY_ERROR ENOENT: no such file or directory, lstat 'C:\Users\GCCHackVM\hackthon\PNCAgent\PNCAI\frontend\node_modules\@angular-devkit\architect\builders'
npm warn tar TAR_ENTRY_ERROR ENOENT: no such file or directory, lstat 'C:\Users\GCCHackVM\hackthon\PNCAgent\PNCAI\frontend\node_modules\@jsonjoy.com\fs-node-builtins\lib'
npm warn tar TAR_ENTRY_ERROR ENOENT: no such file or directory, lstat 'C:\Users\GCCHackVM\hackthon\PNCAgent\PNCAI\frontend\node_modules\@peculiar\asn1-x509\build'
npm warn tar TAR_ENTRY_ERROR ENOENT: no such file or directory, open 'C:\Users\GCCHackVM\hackthon\PNCAgent\PNCAI\frontend\node_modules\jiti\README.md'
npm warn tar TAR_ENTRY_ERROR ENOENT: no such file or directory, lstat 'C:\Users\GCCHackVM\hackthon\PNCAgent\PNCAI\frontend\node_modules\@jsonjoy.com\buffers\lib'
npm warn tar TAR_ENTRY_ERROR ENOENT: no such file or directory, lstat 'C:\Users\GCCHackVM\hackthon\PNCAgent\PNCAI\frontend\node_modules\@angular-devkit\schematics\tasks'
npm warn tar TAR_ENTRY_ERROR ENOENT: no such file or directory, lstat 'C:\Users\GCCHackVM\hackthon\PNCAgent\PNCAI\frontend\node_modules\@angular\material\schematics'
npm warn tar TAR_ENTRY_ERROR ENOENT: no such file or directory, open 'C:\Users\GCCHackVM\hackthon\PNCAgent\PNCAI\frontend\node_modules\@hono\node-server\package.json'
npm warn tar TAR_ENTRY_ERROR ENOENT: no such file or directory, open 'C:\Users\GCCHackVM\hackthon\PNCAgent\PNCAI\frontend\node_modules\minimizer-webpack-plugin\node_modules\terser\lib\compress\compressor-flags.js'
npm warn tar TAR_ENTRY_ERROR ENOENT: no such file or directory, lstat 'C:\Users\GCCHackVM\hackthon\PNCAgent\PNCAI\frontend\node_modules\jose\dist'
npm warn tar TAR_ENTRY_ERROR ENOENT: no such file or directory, open 'C:\Users\GCCHackVM\hackthon\PNCAgent\PNCAI\frontend\node_modules\@angular-devkit\core\index.js'
npm warn tar TAR_ENTRY_ERROR ENOENT: no such file or directory, lstat 'C:\Users\GCCHackVM\hackthon\PNCAgent\PNCAI\frontend\node_modules\yargs\build'
npm warn tar TAR_ENTRY_ERROR ENOENT: no such file or directory, lstat 'C:\Users\GCCHackVM\hackthon\PNCAgent\PNCAI\frontend\node_modules\fast-uri\test'
npm warn tar TAR_ENTRY_ERROR ENOENT: no such file or directory, open 'C:\Users\GCCHackVM\hackthon\PNCAgent\PNCAI\frontend\node_modules\@noble\hashes\hmac.js'
npm warn tar TAR_ENTRY_ERROR ENOENT: no such file or directory, open 'C:\Users\GCCHackVM\hackthon\PNCAgent\PNCAI\frontend\node_modules\websocket-driver\package.json'
npm warn tar TAR_ENTRY_ERROR ENOENT: no such file or directory, lstat 'C:\Users\GCCHackVM\hackthon\PNCAgent\PNCAI\frontend\node_modules\rxjs\dist'
npm warn tar TAR_ENTRY_ERROR ENOENT: no such file or directory, lstat 'C:\Users\GCCHackVM\hackthon\PNCAgent\PNCAI\frontend\node_modules\thingies\lib'
npm warn tar TAR_ENTRY_ERROR ENOENT: no such file or directory, lstat 'C:\Users\GCCHackVM\hackthon\PNCAgent\PNCAI\frontend\node_modules\@angular\core\schematics'
npm warn tar TAR_ENTRY_ERROR ENOENT: no such file or directory, open 'C:\Users\GCCHackVM\hackthon\PNCAgent\PNCAI\frontend\node_modules\@babel\preset-modules\package.json'
npm warn tar TAR_ENTRY_ERROR ENOENT: no such file or directory, lstat 'C:\Users\GCCHackVM\hackthon\PNCAgent\PNCAI\frontend\node_modules\@webassemblyjs\ast\lib'
npm warn tar TAR_ENTRY_ERROR ENOENT: no such file or directory, lstat 'C:\Users\GCCHackVM\hackthon\PNCAgent\PNCAI\frontend\node_modules\@angular\cli\node_modules\zod\v4'
npm warn tar TAR_ENTRY_ERROR ENOENT: no such file or directory, lstat 'C:\Users\GCCHackVM\hackthon\PNCAgent\PNCAI\frontend\node_modules\@jsonjoy.com\fs-fsa\lib'
npm warn tar TAR_ENTRY_ERROR ENOENT: no such file or directory, lstat 'C:\Users\GCCHackVM\hackthon\PNCAgent\PNCAI\frontend\node_modules\http-proxy-middleware\dist'
npm warn tar TAR_ENTRY_ERROR ENOENT: no such file or directory, lstat 'C:\Users\GCCHackVM\hackthon\PNCAgent\PNCAI\frontend\node_modules\istanbul-lib-instrument\node_modules\@babel\generator\lib'
npm warn tar TAR_ENTRY_ERROR ENOENT: no such file or directory, lstat 'C:\Users\GCCHackVM\hackthon\PNCAgent\PNCAI\frontend\node_modules\@inquirer\core\dist'
npm warn tar TAR_ENTRY_ERROR ENOENT: no such file or directory, lstat 'C:\Users\GCCHackVM\hackthon\PNCAgent\PNCAI\frontend\node_modules\semver\classes'
npm warn tar TAR_ENTRY_ERROR ENOENT: no such file or directory, lstat 'C:\Users\GCCHackVM\hackthon\PNCAgent\PNCAI\frontend\node_modules\readable-stream\lib'
npm warn tar TAR_ENTRY_ERROR ENOENT: no such file or directory, lstat 'C:\Users\GCCHackVM\hackthon\PNCAgent\PNCAI\frontend\node_modules\webpack-sources\lib'
npm warn tar TAR_ENTRY_ERROR ENOENT: no such file or directory, lstat 'C:\Users\GCCHackVM\hackthon\PNCAgent\PNCAI\frontend\node_modules\tsyringe\dist'
npm warn tar TAR_ENTRY_ERROR ENOENT: no such file or directory, lstat 'C:\Users\GCCHackVM\hackthon\PNCAgent\PNCAI\frontend\node_modules\@jsonjoy.com\util\lib'
npm warn tar TAR_ENTRY_ERROR ENOENT: no such file or directory, lstat 'C:\Users\GCCHackVM\hackthon\PNCAgent\PNCAI\frontend\node_modules\zod\src'
npm warn tar TAR_ENTRY_ERROR ENOENT: no such file or directory, lstat 'C:\Users\GCCHackVM\hackthon\PNCAgent\PNCAI\frontend\node_modules\iconv-lite\encodings'
npm warn tar TAR_ENTRY_ERROR ENOENT: no such file or directory, lstat 'C:\Users\GCCHackVM\hackthon\PNCAgent\PNCAI\frontend\node_modules\ajv-keywords\dist'
npm warn tar TAR_ENTRY_ERROR ENOENT: no such file or directory, open 'C:\Users\GCCHackVM\hackthon\PNCAgent\PNCAI\frontend\node_modules\@angular\cli\src\commands\mcp\tools\run-target\build-target-strategy.js'
npm warn tar TAR_ENTRY_ERROR ENOENT: no such file or directory, lstat 'C:\Users\GCCHackVM\hackthon\PNCAgent\PNCAI\frontend\node_modules\@ngrx\store\migrations'
npm warn tar TAR_ENTRY_ERROR ENOENT: no such file or directory, lstat 'C:\Users\GCCHackVM\hackthon\PNCAgent\PNCAI\frontend\node_modules\postcss\lib'
npm warn tar TAR_ENTRY_ERROR ENOENT: no such file or directory, lstat 'C:\Users\GCCHackVM\hackthon\PNCAgent\PNCAI\frontend\node_modules\@schematics\angular\utility'
npm warn tar TAR_ENTRY_ERROR ENOENT: no such file or directory, lstat 'C:\Users\GCCHackVM\hackthon\PNCAgent\PNCAI\frontend\node_modules\dom-serializer\node_modules\entities\lib'
npm warn tar TAR_ENTRY_ERROR ENOENT: no such file or directory, lstat 'C:\Users\GCCHackVM\hackthon\PNCAgent\PNCAI\frontend\node_modules\@peculiar\asn1-schema\build'
npm warn tar TAR_ENTRY_ERROR ENOENT: no such file or directory, lstat 'C:\Users\GCCHackVM\hackthon\PNCAgent\PNCAI\frontend\node_modules\events\tests'
npm warn tar TAR_ENTRY_ERROR ENOENT: no such file or directory, lstat 'C:\Users\GCCHackVM\hackthon\PNCAgent\PNCAI\frontend\node_modules\piscina\dist'
npm warn tar TAR_ENTRY_ERROR ENOENT: no such file or directory, lstat 'C:\Users\GCCHackVM\hackthon\PNCAgent\PNCAI\frontend\node_modules\source-map-loader\node_modules\iconv-lite\encodings'
npm warn tar TAR_ENTRY_ERROR ENOENT: no such file or directory, lstat 'C:\Users\GCCHackVM\hackthon\PNCAgent\PNCAI\frontend\node_modules\caniuse-lite\data'
npm warn tar TAR_ENTRY_ERROR ENOENT: no such file or directory, lstat 'C:\Users\GCCHackVM\hackthon\PNCAgent\PNCAI\frontend\node_modules\zod-to-json-schema\dist'
npm warn tar TAR_ENTRY_ERROR ENOENT: no such file or directory, lstat 'C:\Users\GCCHackVM\hackthon\PNCAgent\PNCAI\frontend\node_modules\istanbul-lib-instrument\node_modules\@babel\traverse\lib'
npm warn tar TAR_ENTRY_ERROR ENOENT: no such file or directory, open 'C:\Users\GCCHackVM\hackthon\PNCAgent\PNCAI\frontend\node_modules\@jsonjoy.com\fs-node-utils\lib\inspect.js'
npm warn tar TAR_ENTRY_ERROR ENOENT: no such file or directory, lstat 'C:\Users\GCCHackVM\hackthon\PNCAgent\PNCAI\frontend\node_modules\htmlparser2\node_modules\entities\dist'
npm warn tar TAR_ENTRY_ERROR ENOENT: no such file or directory, lstat 'C:\Users\GCCHackVM\hackthon\PNCAgent\PNCAI\frontend\node_modules\@jsonjoy.com\fs-core\lib'
npm warn tar TAR_ENTRY_ERROR ENOENT: no such file or directory, lstat 'C:\Users\GCCHackVM\hackthon\PNCAgent\PNCAI\frontend\node_modules\chardet\lib'
npm warn tar TAR_ENTRY_ERROR ENOENT: no such file or directory, open 'C:\Users\GCCHackVM\hackthon\PNCAgent\PNCAI\frontend\node_modules\probe-image-size\node_modules\needle\test\compression_spec.js'
npm warn tar TAR_ENTRY_ERROR ENOENT: no such file or directory, lstat 'C:\Users\GCCHackVM\hackthon\PNCAgent\PNCAI\frontend\node_modules\@peculiar\asn1-x509-attr\build'
npm warn tar TAR_ENTRY_ERROR ENOENT: no such file or directory, lstat 'C:\Users\GCCHackVM\hackthon\PNCAgent\PNCAI\frontend\node_modules\@peculiar\asn1-rsa\build'
npm warn tar TAR_ENTRY_ERROR ENOENT: no such file or directory, lstat 'C:\Users\GCCHackVM\hackthon\PNCAgent\PNCAI\frontend\node_modules\parse5\dist'
npm warn tar TAR_ENTRY_ERROR ENOENT: no such file or directory, open 'C:\Users\GCCHackVM\hackthon\PNCAgent\PNCAI\frontend\node_modules\neo-async\during.js'
npm warn tar TAR_ENTRY_ERROR ENOENT: no such file or directory, lstat 'C:\Users\GCCHackVM\hackthon\PNCAgent\PNCAI\frontend\node_modules\@babel\runtime\helpers'
npm warn tar TAR_ENTRY_ERROR ENOENT: no such file or directory, lstat 'C:\Users\GCCHackVM\hackthon\PNCAgent\PNCAI\frontend\node_modules\needle\node_modules\iconv-lite\encodings'
npm warn tar TAR_ENTRY_ERROR ENOENT: no such file or directory, lstat 'C:\Users\GCCHackVM\hackthon\PNCAgent\PNCAI\frontend\node_modules\istanbul-lib-instrument\node_modules\@babel\core\lib'
npm warn tar TAR_ENTRY_ERROR ENOENT: no such file or directory, lstat 'C:\Users\GCCHackVM\hackthon\PNCAgent\PNCAI\frontend\node_modules\@parcel\watcher\src'
npm warn tar TAR_ENTRY_ERROR ENOENT: no such file or directory, lstat 'C:\Users\GCCHackVM\hackthon\PNCAgent\PNCAI\frontend\node_modules\@modelcontextprotocol\sdk\dist'
npm warn tar TAR_ENTRY_ERROR ENOENT: no such file or directory, lstat 'C:\Users\GCCHackVM\hackthon\PNCAgent\PNCAI\frontend\node_modules\@jsonjoy.com\json-pack\node_modules\@jsonjoy.com\buffers\lib'
npm warn tar TAR_ENTRY_ERROR ENOENT: no such file or directory, lstat 'C:\Users\GCCHackVM\hackthon\PNCAgent\PNCAI\frontend\node_modules\regenerate-unicode-properties\Script_Extensions'
npm warn tar TAR_ENTRY_ERROR ENOENT: no such file or directory, lstat 'C:\Users\GCCHackVM\hackthon\PNCAgent\PNCAI\frontend\node_modules\enhanced-resolve\lib'
npm warn tar TAR_ENTRY_ERROR ENOENT: no such file or directory, lstat 'C:\Users\GCCHackVM\hackthon\PNCAgent\PNCAI\frontend\node_modules\webpack-dev-server\node_modules\http-proxy-middleware\dist'
npm warn tar TAR_ENTRY_ERROR ENOENT: no such file or directory, lstat 'C:\Users\GCCHackVM\hackthon\PNCAgent\PNCAI\frontend\node_modules\ajv\dist'
npm warn tar TAR_ENTRY_ERROR ENOENT: no such file or directory, lstat 'C:\Users\GCCHackVM\hackthon\PNCAgent\PNCAI\frontend\node_modules\@babel\core\lib'
npm warn tar TAR_ENTRY_ERROR ENOENT: no such file or directory, lstat 'C:\Users\GCCHackVM\hackthon\PNCAgent\PNCAI\frontend\node_modules\@peculiar\asn1-cms\build'
npm warn tar TAR_ENTRY_ERROR ENOENT: no such file or directory, lstat 'C:\Users\GCCHackVM\hackthon\PNCAgent\PNCAI\frontend\node_modules\webpack-dev-server\node_modules\webpack-dev-middleware\types'
npm warn tar TAR_ENTRY_ERROR ENOENT: no such file or directory, lstat 'C:\Users\GCCHackVM\hackthon\PNCAgent\PNCAI\frontend\node_modules\postcss-selector-parser\dist'
npm warn tar TAR_ENTRY_ERROR ENOENT: no such file or directory, lstat 'C:\Users\GCCHackVM\hackthon\PNCAgent\PNCAI\frontend\node_modules\@jsonjoy.com\util\node_modules\@jsonjoy.com\buffers\lib'
npm warn tar TAR_ENTRY_ERROR ENOENT: no such file or directory, lstat 'C:\Users\GCCHackVM\hackthon\PNCAgent\PNCAI\frontend\node_modules\hono\dist'
npm warn tar TAR_ENTRY_ERROR ENOENT: no such file or directory, lstat 'C:\Users\GCCHackVM\hackthon\PNCAgent\PNCAI\frontend\node_modules\object-inspect\example'
npm warn tar TAR_ENTRY_ERROR ENOENT: no such file or directory, lstat 'C:\Users\GCCHackVM\hackthon\PNCAgent\PNCAI\frontend\node_modules\istanbul-lib-instrument\node_modules\@babel\types\lib'
npm warn tar TAR_ENTRY_ERROR ENOENT: no such file or directory, lstat 'C:\Users\GCCHackVM\hackthon\PNCAgent\PNCAI\frontend\node_modules\oxc-parser\src-js'
npm warn tar TAR_ENTRY_ERROR ENOENT: no such file or directory, lstat 'C:\Users\GCCHackVM\hackthon\PNCAgent\PNCAI\frontend\node_modules\istanbul-lib-instrument\node_modules\@babel\helpers\lib'
npm warn tar TAR_ENTRY_ERROR ENOENT: no such file or directory, lstat 'C:\Users\GCCHackVM\hackthon\PNCAgent\PNCAI\frontend\node_modules\webpack-dev-server\node_modules\iconv-lite\encodings'
npm warn tar TAR_ENTRY_ERROR ENOENT: no such file or directory, lstat 'C:\Users\GCCHackVM\hackthon\PNCAgent\PNCAI\frontend\node_modules\rolldown\dist'
npm warn tar TAR_ENTRY_ERROR ENOENT: no such file or directory, lstat 'C:\Users\GCCHackVM\hackthon\PNCAgent\PNCAI\frontend\node_modules\lmdb\dependencies'
npm warn tar TAR_ENTRY_ERROR ENOENT: no such file or directory, lstat 'C:\Users\GCCHackVM\hackthon\PNCAgent\PNCAI\frontend\node_modules\memfs\lib'
npm warn tar TAR_ENTRY_ERROR ENOENT: no such file or directory, lstat 'C:\Users\GCCHackVM\hackthon\PNCAgent\PNCAI\frontend\node_modules\autoprefixer\lib'
npm warn tar TAR_ENTRY_ERROR ENOENT: no such file or directory, lstat 'C:\Users\GCCHackVM\hackthon\PNCAgent\PNCAI\frontend\node_modules\webpack\lib'
npm warn tar TAR_ENTRY_ERROR ENOENT: no such file or directory, open 'C:\Users\GCCHackVM\hackthon\PNCAgent\PNCAI\frontend\node_modules\@angular-devkit\build-angular\node_modules\@angular\build\src\builders\extract-i18n\application-extraction.js'
npm warn tar TAR_ENTRY_ERROR ENOENT: no such file or directory, lstat 'C:\Users\GCCHackVM\hackthon\PNCAgent\PNCAI\frontend\node_modules\@babel\helper-split-export-declaration\node_modules\@babel\types\lib'
npm warn tar TAR_ENTRY_ERROR ENOENT: no such file or directory, lstat 'C:\Users\GCCHackVM\hackthon\PNCAgent\PNCAI\frontend\node_modules\@angular\cdk\schematics'
npm warn tar TAR_ENTRY_ERROR ENOENT: no such file or directory, lstat 'C:\Users\GCCHackVM\hackthon\PNCAgent\PNCAI\frontend\node_modules\@jsonjoy.com\json-pack\lib'
npm warn tar TAR_ENTRY_ERROR ENOENT: no such file or directory, lstat 'C:\Users\GCCHackVM\hackthon\PNCAgent\PNCAI\frontend\node_modules\@angular\common\locales'
npm warn tar TAR_ENTRY_ERROR ENOENT: no such file or directory, lstat 'C:\Users\GCCHackVM\hackthon\PNCAgent\PNCAI\frontend\node_modules\less\lib'
npm warn tar TAR_ENTRY_ERROR ENOENT: no such file or directory, lstat 'C:\Users\GCCHackVM\hackthon\PNCAgent\PNCAI\frontend\node_modules\@jsonjoy.com\fs-node-builtins\lib'
npm warn tar TAR_ENTRY_ERROR ENOENT: no such file or directory, lstat 'C:\Users\GCCHackVM\hackthon\PNCAgent\PNCAI\frontend\node_modules\@peculiar\asn1-x509\build'
npm warn tar TAR_ENTRY_ERROR ENOENT: no such file or directory, lstat 'C:\Users\GCCHackVM\hackthon\PNCAgent\PNCAI\frontend\node_modules\@jsonjoy.com\buffers\lib'
npm warn tar TAR_ENTRY_ERROR ENOENT: no such file or directory, open 'C:\Users\GCCHackVM\hackthon\PNCAgent\PNCAI\frontend\node_modules\@jsonjoy.com\fs-snapshot\lib\types.js'
npm warn tar TAR_ENTRY_ERROR ENOENT: no such file or directory, lstat 'C:\Users\GCCHackVM\hackthon\PNCAgent\PNCAI\frontend\node_modules\@jsonjoy.com\fs-snapshot\node_modules\@jsonjoy.com\json-pointer\lib'
npm warn tar TAR_ENTRY_ERROR ENOENT: no such file or directory, lstat 'C:\Users\GCCHackVM\hackthon\PNCAgent\PNCAI\frontend\node_modules\css-select\dist\esm\pseudo-selectors'
npm warn tar TAR_ENTRY_ERROR ENOENT: no such file or directory, lstat 'C:\Users\GCCHackVM\hackthon\PNCAgent\PNCAI\frontend\node_modules\jiti\lib'
npm warn tar TAR_ENTRY_ERROR ENOENT: no such file or directory, lstat 'C:\Users\GCCHackVM\hackthon\PNCAgent\PNCAI\frontend\node_modules\@angular-devkit\schematics\tasks'
npm warn tar TAR_ENTRY_ERROR ENOENT: no such file or directory, lstat 'C:\Users\GCCHackVM\hackthon\PNCAgent\PNCAI\frontend\node_modules\@angular\material\schematics'
npm warn tar TAR_ENTRY_ERROR ENOENT: no such file or directory, lstat 'C:\Users\GCCHackVM\hackthon\PNCAgent\PNCAI\frontend\node_modules\minimizer-webpack-plugin\node_modules\terser\tools'
npm warn tar TAR_ENTRY_ERROR ENOENT: no such file or directory, lstat 'C:\Users\GCCHackVM\hackthon\PNCAgent\PNCAI\frontend\node_modules\jose\dist'
npm warn tar TAR_ENTRY_ERROR ENOENT: no such file or directory, lstat 'C:\Users\GCCHackVM\hackthon\PNCAgent\PNCAI\frontend\node_modules\@angular-devkit\core\node'
npm warn tar TAR_ENTRY_ERROR ENOENT: no such file or directory, open 'C:\Users\GCCHackVM\hackthon\PNCAgent\PNCAI\frontend\node_modules\terser\tools\domprops.js'
npm warn tar TAR_ENTRY_ERROR ENOENT: no such file or directory, lstat 'C:\Users\GCCHackVM\hackthon\PNCAgent\PNCAI\frontend\node_modules\@peculiar\utils\build\esm\converters'
npm warn tar TAR_ENTRY_ERROR ENOENT: no such file or directory, open 'C:\Users\GCCHackVM\hackthon\PNCAgent\PNCAI\frontend\node_modules\@jsonjoy.com\fs-snapshot\node_modules\@jsonjoy.com\codegen\lib\util\JsExpression.js.map'
npm warn tar TAR_ENTRY_ERROR ENOENT: no such file or directory, open 'C:\Users\GCCHackVM\hackthon\PNCAgent\PNCAI\frontend\node_modules\uuid\dist\esm-node\rng.js'
npm warn tar TAR_ENTRY_ERROR ENOENT: no such file or directory, lstat 'C:\Users\GCCHackVM\hackthon\PNCAgent\PNCAI\frontend\node_modules\probe-image-size\node_modules\iconv-lite\encodings'
npm warn tar TAR_ENTRY_ERROR ENOENT: no such file or directory, open 'C:\Users\GCCHackVM\hackthon\PNCAgent\PNCAI\frontend\node_modules\js-yaml\lib\type\merge.js'
npm warn tar TAR_ENTRY_ERROR ENOENT: no such file or directory, lstat 'C:\Users\GCCHackVM\hackthon\PNCAgent\PNCAI\frontend\node_modules\webpack-dev-server\lib\servers'
npm warn tar TAR_ENTRY_ERROR ENOENT: no such file or directory, open 'C:\Users\GCCHackVM\hackthon\PNCAgent\PNCAI\frontend\node_modules\@jsonjoy.com\fs-node\lib\cp.js.map'
npm warn tar TAR_ENTRY_ERROR ENOENT: no such file or directory, open 'C:\Users\GCCHackVM\hackthon\PNCAgent\PNCAI\frontend\node_modules\@jsonjoy.com\fs-snapshot\node_modules\@jsonjoy.com\base64\lib\fromBase64Bin.d.ts'
npm warn tar TAR_ENTRY_ERROR ENOENT: no such file or directory, lstat 'C:\Users\GCCHackVM\hackthon\PNCAgent\PNCAI\frontend\node_modules\probe-image-size\lib\parse_stream'
npm warn tar TAR_ENTRY_ERROR ENOENT: no such file or directory, lstat 'C:\Users\GCCHackVM\hackthon\PNCAgent\PNCAI\frontend\node_modules\@peculiar\asn1-pfx\build\es2015'
npm warn tar TAR_ENTRY_ERROR ENOENT: no such file or directory, lstat 'C:\Users\GCCHackVM\hackthon\PNCAgent\PNCAI\frontend\node_modules\yargs\build\lib'
npm warn tar TAR_ENTRY_ERROR ENOENT: no such file or directory, open 'C:\Users\GCCHackVM\hackthon\PNCAgent\PNCAI\frontend\node_modules\fast-uri\test\security.test.js'
npm warn tar TAR_ENTRY_ERROR ENOENT: no such file or directory, open 'C:\Users\GCCHackVM\hackthon\PNCAgent\PNCAI\frontend\node_modules\@noble\hashes\esm\index.js'
npm warn tar TAR_ENTRY_ERROR ENOENT: no such file or directory, lstat 'C:\Users\GCCHackVM\hackthon\PNCAgent\PNCAI\frontend\node_modules\@jsonjoy.com\fs-snapshot\node_modules\@jsonjoy.com\util\lib\json-brand'
npm warn tar TAR_ENTRY_ERROR ENOENT: no such file or directory, lstat 'C:\Users\GCCHackVM\hackthon\PNCAgent\PNCAI\frontend\node_modules\rxjs\dist\esm5'
npm warn tar TAR_ENTRY_ERROR ENOENT: no such file or directory, open 'C:\Users\GCCHackVM\hackthon\PNCAgent\PNCAI\frontend\node_modules\thingies\lib\promiseMap.js'
npm warn tar TAR_ENTRY_ERROR ENOENT: no such file or directory, lstat 'C:\Users\GCCHackVM\hackthon\PNCAgent\PNCAI\frontend\node_modules\webpack-dev-server\node_modules\http-proxy-middleware\dist'
npm warn tar TAR_ENTRY_ERROR ENOENT: no such file or directory, lstat 'C:\Users\GCCHackVM\hackthon\PNCAgent\PNCAI\frontend\node_modules\webpack-dev-server\node_modules\webpack-dev-middleware\types'
npm warn tar TAR_ENTRY_ERROR ENOENT: no such file or directory, lstat 'C:\Users\GCCHackVM\hackthon\PNCAgent\PNCAI\frontend\node_modules\@angular\core\schematics\bundles'
npm warn tar TAR_ENTRY_ERROR ENOENT: no such file or directory, open 'C:\Users\GCCHackVM\hackthon\PNCAgent\PNCAI\frontend\node_modules\@webassemblyjs\ast\esm\nodes.js'
npm warn tar TAR_ENTRY_ERROR ENOENT: no such file or directory, open 'C:\Users\GCCHackVM\hackthon\PNCAgent\PNCAI\frontend\node_modules\@jsonjoy.com\fs-fsa\lib\FileLockManager.js'
npm warn tar TAR_ENTRY_ERROR ENOENT: no such file or directory, lstat 'C:\Users\GCCHackVM\hackthon\PNCAgent\PNCAI\frontend\node_modules\@angular\cli\node_modules\zod\v4\locales'
npm warn tar TAR_ENTRY_ERROR ENOENT: no such file or directory, lstat 'C:\Users\GCCHackVM\hackthon\PNCAgent\PNCAI\frontend\node_modules\jsonc-parser\lib\esm'
npm warn tar TAR_ENTRY_ERROR ENOENT: no such file or directory, lstat 'C:\Users\GCCHackVM\hackthon\PNCAgent\PNCAI\frontend\node_modules\http-proxy-middleware\dist\utils'
npm warn tar TAR_ENTRY_ERROR ENOENT: no such file or directory, lstat 'C:\Users\GCCHackVM\hackthon\PNCAgent\PNCAI\frontend\node_modules\webpack-dev-server\node_modules\iconv-lite\encodings'
npm warn tar TAR_ENTRY_ERROR ENOENT: no such file or directory, lstat 'C:\Users\GCCHackVM\hackthon\PNCAgent\PNCAI\frontend\node_modules\probe-image-size\node_modules\iconv-lite\encodings'
npm warn tar TAR_ENTRY_ERROR ENOENT: no such file or directory, lstat 'C:\Users\GCCHackVM\hackthon\PNCAgent\PNCAI\frontend\node_modules\webpack-dev-server\node_modules\http-proxy-middleware\dist'
npm warn tar TAR_ENTRY_ERROR ENOENT: no such file or directory, lstat 'C:\Users\GCCHackVM\hackthon\PNCAgent\PNCAI\frontend\node_modules\webpack-dev-server\node_modules\webpack-dev-middleware\types'
npm warn tar TAR_ENTRY_ERROR ENOENT: no such file or directory, lstat 'C:\Users\GCCHackVM\hackthon\PNCAgent\PNCAI\frontend\node_modules\webpack-dev-server\node_modules\iconv-lite\lib'
npm warn tar TAR_ENTRY_ERROR ENOENT: no such file or directory, lstat 'C:\Users\GCCHackVM\hackthon\PNCAgent\PNCAI\frontend\node_modules\probe-image-size\node_modules\iconv-lite\lib'
npm warn tar TAR_ENTRY_ERROR ENOENT: no such file or directory, lstat 'C:\Users\GCCHackVM\hackthon\PNCAgent\PNCAI\frontend\node_modules\webpack-dev-server\node_modules\http-proxy-middleware\dist'
npm warn tar TAR_ENTRY_ERROR ENOENT: no such file or directory, lstat 'C:\Users\GCCHackVM\hackthon\PNCAgent\PNCAI\frontend\node_modules\webpack-dev-server\node_modules\webpack-dev-middleware\types'
npm warn tar TAR_ENTRY_ERROR ENOENT: no such file or directory, lstat 'C:\Users\GCCHackVM\hackthon\PNCAgent\PNCAI\frontend\node_modules\webpack-dev-server\node_modules\iconv-lite\lib'
npm warn tar TAR_ENTRY_ERROR ENOENT: no such file or directory, lstat 'C:\Users\GCCHackVM\hackthon\PNCAgent\PNCAI\frontend\node_modules\probe-image-size\node_modules\iconv-lite\lib'
npm warn tar TAR_ENTRY_ERROR ENOENT: no such file or directory, lstat 'C:\Users\GCCHackVM\hackthon\PNCAgent\PNCAI\frontend\node_modules\webpack-dev-server\node_modules\http-proxy-middleware\dist'
npm warn tar TAR_ENTRY_ERROR ENOENT: no such file or directory, lstat 'C:\Users\GCCHackVM\hackthon\PNCAgent\PNCAI\frontend\node_modules\webpack-dev-server\node_modules\webpack-dev-middleware\types'
npm warn tar TAR_ENTRY_ERROR ENOENT: no such file or directory, lstat 'C:\Users\GCCHackVM\hackthon\PNCAgent\PNCAI\frontend\node_modules\webpack-dev-server\node_modules\iconv-lite\lib'
npm warn tar TAR_ENTRY_ERROR ENOENT: no such file or directory, lstat 'C:\Users\GCCHackVM\hackthon\PNCAgent\PNCAI\frontend\node_modules\probe-image-size\node_modules\iconv-lite\lib'
npm warn tar TAR_ENTRY_ERROR ENOENT: no such file or directory, lstat 'C:\Users\GCCHackVM\hackthon\PNCAgent\PNCAI\frontend\node_modules\webpack-dev-server\node_modules\http-proxy-middleware\dist'
npm warn tar TAR_ENTRY_ERROR ENOENT: no such file or directory, lstat 'C:\Users\GCCHackVM\hackthon\PNCAgent\PNCAI\frontend\node_modules\webpack-dev-server\node_modules\webpack-dev-middleware\types'
npm warn tar TAR_ENTRY_ERROR ENOENT: no such file or directory, lstat 'C:\Users\GCCHackVM\hackthon\PNCAgent\PNCAI\frontend\node_modules\webpack-dev-server\node_modules\iconv-lite\lib'
npm warn tar TAR_ENTRY_ERROR ENOENT: no such file or directory, lstat 'C:\Users\GCCHackVM\hackthon\PNCAgent\PNCAI\frontend\node_modules\probe-image-size\node_modules\iconv-lite\lib'
npm warn tar TAR_ENTRY_ERROR ENOENT: no such file or directory, lstat 'C:\Users\GCCHackVM\hackthon\PNCAgent\PNCAI\frontend\node_modules\webpack-dev-server\node_modules\http-proxy-middleware\dist'
npm warn tar TAR_ENTRY_ERROR ENOENT: no such file or directory, lstat 'C:\Users\GCCHackVM\hackthon\PNCAgent\PNCAI\frontend\node_modules\webpack-dev-server\node_modules\webpack-dev-middleware\types'
npm warn tar TAR_ENTRY_ERROR ENOENT: no such file or directory, lstat 'C:\Users\GCCHackVM\hackthon\PNCAgent\PNCAI\frontend\node_modules\webpack-dev-server\node_modules\iconv-lite\lib'
npm warn tar TAR_ENTRY_ERROR ENOENT: no such file or directory, lstat 'C:\Users\GCCHackVM\hackthon\PNCAgent\PNCAI\frontend\node_modules\probe-image-size\node_modules\iconv-lite\lib'
npm warn tar TAR_ENTRY_ERROR ENOENT: no such file or directory, lstat 'C:\Users\GCCHackVM\hackthon\PNCAgent\PNCAI\frontend\node_modules\webpack-dev-server\node_modules\http-proxy-middleware\dist'
npm warn tar TAR_ENTRY_ERROR ENOENT: no such file or directory, lstat 'C:\Users\GCCHackVM\hackthon\PNCAgent\PNCAI\frontend\node_modules\webpack-dev-server\node_modules\webpack-dev-middleware\types'
npm warn tar TAR_ENTRY_ERROR ENOENT: no such file or directory, lstat 'C:\Users\GCCHackVM\hackthon\PNCAgent\PNCAI\frontend\node_modules\webpack-dev-server\node_modules\http-proxy-middleware\dist'
npm warn tar TAR_ENTRY_ERROR ENOENT: no such file or directory, lstat 'C:\Users\GCCHackVM\hackthon\PNCAgent\PNCAI\frontend\node_modules\webpack-dev-server\node_modules\webpack-dev-middleware\types'
npm warn tar TAR_ENTRY_ERROR ENOENT: no such file or directory, lstat 'C:\Users\GCCHackVM\hackthon\PNCAgent\PNCAI\frontend\node_modules\webpack-dev-server\node_modules\webpack-dev-middleware\types'
npm warn tar TAR_ENTRY_ERROR ENOENT: no such file or directory, lstat 'C:\Users\GCCHackVM\hackthon\PNCAgent\PNCAI\frontend\node_modules\webpack-dev-server\node_modules\webpack-dev-middleware\types'
npm warn deprecated uuid@8.3.2: uuid@10 and below is no longer supported.  For ESM codebases, update to uuid@latest.  For CommonJS codebases, use uuid@11 (but be aware this version will likely be deprecated in 2028).
npm warn deprecated @ngtools/webpack@22.1.8: Angular's Webpack support is deprecated. Use the esbuild and Vite-based "@angular/build" package instead.
npm warn tar TAR_ENTRY_ERROR ENOENT: no such file or directory, lstat 'C:\Users\GCCHackVM\hackthon\PNCAgent\PNCAI\frontend\node_modules\@jsonjoy.com\fs-snapshot\node_modules\@jsonjoy.com\json-pack\lib'
npm warn tar TAR_ENTRY_ERROR ENOENT: no such file or directory, lstat 'C:\Users\GCCHackVM\hackthon\PNCAgent\PNCAI\frontend\node_modules\@jsonjoy.com\fs-snapshot\node_modules\@jsonjoy.com\util\lib\json-size'
npm warn tar TAR_ENTRY_ERROR ENOENT: no such file or directory, lstat 'C:\Users\GCCHackVM\hackthon\PNCAgent\PNCAI\frontend\node_modules\@jsonjoy.com\fs-snapshot\node_modules\@jsonjoy.com\json-pack\lib'
npm warn tar TAR_ENTRY_ERROR ENOENT: no such file or directory, lstat 'C:\Users\GCCHackVM\hackthon\PNCAgent\PNCAI\frontend\node_modules\@jsonjoy.com\fs-snapshot\node_modules\@jsonjoy.com\util\lib'
npm warn tar TAR_ENTRY_ERROR ENOENT: no such file or directory, lstat 'C:\Users\GCCHackVM\hackthon\PNCAgent\PNCAI\frontend\node_modules\@jsonjoy.com\fs-snapshot\node_modules\@jsonjoy.com\json-pack\lib'
npm warn tar TAR_ENTRY_ERROR ENOENT: no such file or directory, lstat 'C:\Users\GCCHackVM\hackthon\PNCAgent\PNCAI\frontend\node_modules\@jsonjoy.com\fs-snapshot\node_modules\@jsonjoy.com\util\lib'
npm warn tar TAR_ENTRY_ERROR ENOENT: no such file or directory, lstat 'C:\Users\GCCHackVM\hackthon\PNCAgent\PNCAI\frontend\node_modules\@jsonjoy.com\fs-snapshot\node_modules\@jsonjoy.com\json-pack\lib'
npm warn tar TAR_ENTRY_ERROR ENOENT: no such file or directory, lstat 'C:\Users\GCCHackVM\hackthon\PNCAgent\PNCAI\frontend\node_modules\@jsonjoy.com\fs-snapshot\node_modules\@jsonjoy.com\util\lib'
npm warn tar TAR_ENTRY_ERROR ENOENT: no such file or directory, lstat 'C:\Users\GCCHackVM\hackthon\PNCAgent\PNCAI\frontend\node_modules\@jsonjoy.com\fs-snapshot\node_modules\@jsonjoy.com\json-pack\lib'
npm warn tar TAR_ENTRY_ERROR ENOENT: no such file or directory, open 'C:\Users\GCCHackVM\hackthon\PNCAgent\PNCAI\frontend\node_modules\zod\src\v3\tests\firstparty.test.ts'
npm warn tar TAR_ENTRY_ERROR ENOENT: no such file or directory, lstat 'C:\Users\GCCHackVM\hackthon\PNCAgent\PNCAI\frontend\node_modules\@jsonjoy.com\fs-snapshot\node_modules\@jsonjoy.com\util\lib'
npm warn tar TAR_ENTRY_ERROR ENOENT: no such file or directory, lstat 'C:\Users\GCCHackVM\hackthon\PNCAgent\PNCAI\frontend\node_modules\@jsonjoy.com\fs-snapshot\node_modules\@jsonjoy.com\json-pack\lib'
npm warn tar TAR_ENTRY_ERROR ENOENT: no such file or directory, lstat 'C:\Users\GCCHackVM\hackthon\PNCAgent\PNCAI\frontend\node_modules\@jsonjoy.com\fs-snapshot\node_modules\@jsonjoy.com\util\lib'
npm warn tar TAR_ENTRY_ERROR ENOENT: no such file or directory, lstat 'C:\Users\GCCHackVM\hackthon\PNCAgent\PNCAI\frontend\node_modules\@jsonjoy.com\fs-snapshot\node_modules\@jsonjoy.com\json-pack\lib'
npm warn tar TAR_ENTRY_ERROR ENOENT: no such file or directory, lstat 'C:\Users\GCCHackVM\hackthon\PNCAgent\PNCAI\frontend\node_modules\@jsonjoy.com\fs-snapshot\node_modules\@jsonjoy.com\util\lib'
npm warn tar TAR_ENTRY_ERROR ENOENT: no such file or directory, lstat 'C:\Users\GCCHackVM\hackthon\PNCAgent\PNCAI\frontend\node_modules\@jsonjoy.com\fs-snapshot\node_modules\@jsonjoy.com\json-pack\lib'
npm warn tar TAR_ENTRY_ERROR ENOENT: no such file or directory, lstat 'C:\Users\GCCHackVM\hackthon\PNCAgent\PNCAI\frontend\node_modules\@jsonjoy.com\fs-snapshot\node_modules\@jsonjoy.com\util\lib'
npm warn tar TAR_ENTRY_ERROR ENOENT: no such file or directory, lstat 'C:\Users\GCCHackVM\hackthon\PNCAgent\PNCAI\frontend\node_modules\@jsonjoy.com\fs-snapshot\node_modules\@jsonjoy.com\json-pack\lib'
npm warn tar TAR_ENTRY_ERROR ENOENT: no such file or directory, lstat 'C:\Users\GCCHackVM\hackthon\PNCAgent\PNCAI\frontend\node_modules\@jsonjoy.com\fs-snapshot\node_modules\@jsonjoy.com\util\lib'
npm warn tar TAR_ENTRY_ERROR ENOENT: no such file or directory, lstat 'C:\Users\GCCHackVM\hackthon\PNCAgent\PNCAI\frontend\node_modules\@jsonjoy.com\fs-snapshot\node_modules\@jsonjoy.com\json-pack\lib'
npm warn tar TAR_ENTRY_ERROR ENOENT: no such file or directory, lstat 'C:\Users\GCCHackVM\hackthon\PNCAgent\PNCAI\frontend\node_modules\@jsonjoy.com\fs-snapshot\node_modules\@jsonjoy.com\util\lib'
npm warn tar TAR_ENTRY_ERROR ENOENT: no such file or directory, lstat 'C:\Users\GCCHackVM\hackthon\PNCAgent\PNCAI\frontend\node_modules\@jsonjoy.com\fs-snapshot\node_modules\@jsonjoy.com\json-pack\lib'
npm warn tar TAR_ENTRY_ERROR ENOENT: no such file or directory, lstat 'C:\Users\GCCHackVM\hackthon\PNCAgent\PNCAI\frontend\node_modules\@jsonjoy.com\fs-snapshot\node_modules\@jsonjoy.com\util\lib'
npm warn tar TAR_ENTRY_ERROR ENOENT: no such file or directory, lstat 'C:\Users\GCCHackVM\hackthon\PNCAgent\PNCAI\frontend\node_modules\@jsonjoy.com\fs-snapshot\node_modules\@jsonjoy.com\json-pack\lib'
npm warn tar TAR_ENTRY_ERROR ENOENT: no such file or directory, lstat 'C:\Users\GCCHackVM\hackthon\PNCAgent\PNCAI\frontend\node_modules\@jsonjoy.com\fs-snapshot\node_modules\@jsonjoy.com\util\lib'
npm warn tar TAR_ENTRY_ERROR ENOENT: no such file or directory, lstat 'C:\Users\GCCHackVM\hackthon\PNCAgent\PNCAI\frontend\node_modules\@jsonjoy.com\fs-snapshot\node_modules\@jsonjoy.com\json-pack\lib'
npm warn tar TAR_ENTRY_ERROR ENOENT: no such file or directory, lstat 'C:\Users\GCCHackVM\hackthon\PNCAgent\PNCAI\frontend\node_modules\@jsonjoy.com\fs-snapshot\node_modules\@jsonjoy.com\util\lib'
npm warn tar TAR_ENTRY_ERROR ENOENT: no such file or directory, lstat 'C:\Users\GCCHackVM\hackthon\PNCAgent\PNCAI\frontend\node_modules\@jsonjoy.com\fs-snapshot\node_modules\@jsonjoy.com\json-pack\lib'
npm warn tar TAR_ENTRY_ERROR ENOENT: no such file or directory, lstat 'C:\Users\GCCHackVM\hackthon\PNCAgent\PNCAI\frontend\node_modules\@jsonjoy.com\fs-snapshot\node_modules\@jsonjoy.com\util\lib'
npm warn tar TAR_ENTRY_ERROR ENOENT: no such file or directory, lstat 'C:\Users\GCCHackVM\hackthon\PNCAgent\PNCAI\frontend\node_modules\@jsonjoy.com\fs-snapshot\node_modules\@jsonjoy.com\json-pack\lib'
npm warn tar TAR_ENTRY_ERROR ENOENT: no such file or directory, lstat 'C:\Users\GCCHackVM\hackthon\PNCAgent\PNCAI\frontend\node_modules\@jsonjoy.com\fs-snapshot\node_modules\@jsonjoy.com\util\lib'
npm warn tar TAR_ENTRY_ERROR ENOENT: no such file or directory, lstat 'C:\Users\GCCHackVM\hackthon\PNCAgent\PNCAI\frontend\node_modules\@jsonjoy.com\fs-snapshot\node_modules\@jsonjoy.com\json-pack\lib'
npm warn tar TAR_ENTRY_ERROR ENOENT: no such file or directory, lstat 'C:\Users\GCCHackVM\hackthon\PNCAgent\PNCAI\frontend\node_modules\@jsonjoy.com\fs-snapshot\node_modules\@jsonjoy.com\util\lib'
npm warn tar TAR_ENTRY_ERROR ENOENT: no such file or directory, lstat 'C:\Users\GCCHackVM\hackthon\PNCAgent\PNCAI\frontend\node_modules\@jsonjoy.com\fs-snapshot\node_modules\@jsonjoy.com\json-pack\lib'
npm warn tar TAR_ENTRY_ERROR ENOENT: no such file or directory, lstat 'C:\Users\GCCHackVM\hackthon\PNCAgent\PNCAI\frontend\node_modules\@jsonjoy.com\fs-snapshot\node_modules\@jsonjoy.com\util\lib'
npm warn tar TAR_ENTRY_ERROR ENOENT: no such file or directory, lstat 'C:\Users\GCCHackVM\hackthon\PNCAgent\PNCAI\frontend\node_modules\@jsonjoy.com\fs-snapshot\node_modules\@jsonjoy.com\json-pack\lib'
npm warn tar TAR_ENTRY_ERROR ENOENT: no such file or directory, lstat 'C:\Users\GCCHackVM\hackthon\PNCAgent\PNCAI\frontend\node_modules\@angular\compiler-cli\src'
npm warn tar TAR_ENTRY_ERROR ENOENT: no such file or directory, lstat 'C:\Users\GCCHackVM\hackthon\PNCAgent\PNCAI\frontend\node_modules\@jsonjoy.com\fs-snapshot\node_modules\@jsonjoy.com\util\lib'
npm warn tar TAR_ENTRY_ERROR ENOENT: no such file or directory, lstat 'C:\Users\GCCHackVM\hackthon\PNCAgent\PNCAI\frontend\node_modules\@jsonjoy.com\fs-snapshot\node_modules\@jsonjoy.com\json-pack\lib'
npm warn tar TAR_ENTRY_ERROR ENOENT: no such file or directory, lstat 'C:\Users\GCCHackVM\hackthon\PNCAgent\PNCAI\frontend\node_modules\@jsonjoy.com\fs-snapshot\node_modules\@jsonjoy.com\util\lib'
npm warn tar TAR_ENTRY_ERROR ENOENT: no such file or directory, lstat 'C:\Users\GCCHackVM\hackthon\PNCAgent\PNCAI\frontend\node_modules\@jsonjoy.com\fs-snapshot\node_modules\@jsonjoy.com\json-pack\lib'
npm warn tar TAR_ENTRY_ERROR ENOENT: no such file or directory, lstat 'C:\Users\GCCHackVM\hackthon\PNCAgent\PNCAI\frontend\node_modules\@jsonjoy.com\fs-snapshot\node_modules\@jsonjoy.com\util\lib'
npm warn tar TAR_ENTRY_ERROR ENOENT: no such file or directory, lstat 'C:\Users\GCCHackVM\hackthon\PNCAgent\PNCAI\frontend\node_modules\@jsonjoy.com\fs-snapshot\node_modules\@jsonjoy.com\json-pack\lib'
npm warn tar TAR_ENTRY_ERROR ENOENT: no such file or directory, lstat 'C:\Users\GCCHackVM\hackthon\PNCAgent\PNCAI\frontend\node_modules\@jsonjoy.com\fs-snapshot\node_modules\@jsonjoy.com\util\lib'
npm warn tar TAR_ENTRY_ERROR ENOENT: no such file or directory, lstat 'C:\Users\GCCHackVM\hackthon\PNCAgent\PNCAI\frontend\node_modules\@jsonjoy.com\fs-snapshot\node_modules\@jsonjoy.com\json-pack\lib'
npm warn tar TAR_ENTRY_ERROR ENOENT: no such file or directory, lstat 'C:\Users\GCCHackVM\hackthon\PNCAgent\PNCAI\frontend\node_modules\@jsonjoy.com\fs-snapshot\node_modules\@jsonjoy.com\util\lib'
npm warn tar TAR_ENTRY_ERROR ENOENT: no such file or directory, lstat 'C:\Users\GCCHackVM\hackthon\PNCAgent\PNCAI\frontend\node_modules\@jsonjoy.com\fs-snapshot\node_modules\@jsonjoy.com\json-pack\lib'
npm warn tar TAR_ENTRY_ERROR ENOENT: no such file or directory, lstat 'C:\Users\GCCHackVM\hackthon\PNCAgent\PNCAI\frontend\node_modules\@jsonjoy.com\fs-snapshot\node_modules\@jsonjoy.com\util\lib'
npm warn tar TAR_ENTRY_ERROR ENOENT: no such file or directory, lstat 'C:\Users\GCCHackVM\hackthon\PNCAgent\PNCAI\frontend\node_modules\@jsonjoy.com\fs-snapshot\node_modules\@jsonjoy.com\json-pack\lib'
npm warn tar TAR_ENTRY_ERROR ENOENT: no such file or directory, lstat 'C:\Users\GCCHackVM\hackthon\PNCAgent\PNCAI\frontend\node_modules\@jsonjoy.com\fs-snapshot\node_modules\@jsonjoy.com\util\lib'
npm warn tar TAR_ENTRY_ERROR ENOENT: no such file or directory, lstat 'C:\Users\GCCHackVM\hackthon\PNCAgent\PNCAI\frontend\node_modules\@jsonjoy.com\fs-snapshot\node_modules\@jsonjoy.com\json-pack\lib'
npm warn tar TAR_ENTRY_ERROR ENOENT: no such file or directory, lstat 'C:\Users\GCCHackVM\hackthon\PNCAgent\PNCAI\frontend\node_modules\@jsonjoy.com\fs-snapshot\node_modules\@jsonjoy.com\util\lib'
npm warn tar TAR_ENTRY_ERROR ENOENT: no such file or directory, lstat 'C:\Users\GCCHackVM\hackthon\PNCAgent\PNCAI\frontend\node_modules\@jsonjoy.com\fs-snapshot\node_modules\@jsonjoy.com\json-pack\lib'
npm warn tar TAR_ENTRY_ERROR ENOENT: no such file or directory, lstat 'C:\Users\GCCHackVM\hackthon\PNCAgent\PNCAI\frontend\node_modules\@jsonjoy.com\fs-snapshot\node_modules\@jsonjoy.com\util\lib'
npm warn tar TAR_ENTRY_ERROR ENOENT: no such file or directory, lstat 'C:\Users\GCCHackVM\hackthon\PNCAgent\PNCAI\frontend\node_modules\@jsonjoy.com\fs-snapshot\node_modules\@jsonjoy.com\json-pack\lib'
npm warn tar TAR_ENTRY_ERROR ENOENT: no such file or directory, lstat 'C:\Users\GCCHackVM\hackthon\PNCAgent\PNCAI\frontend\node_modules\@jsonjoy.com\fs-snapshot\node_modules\@jsonjoy.com\util\lib'
npm warn tar TAR_ENTRY_ERROR ENOENT: no such file or directory, lstat 'C:\Users\GCCHackVM\hackthon\PNCAgent\PNCAI\frontend\node_modules\@jsonjoy.com\fs-snapshot\node_modules\@jsonjoy.com\json-pack\lib'
npm warn tar TAR_ENTRY_ERROR ENOENT: no such file or directory, lstat 'C:\Users\GCCHackVM\hackthon\PNCAgent\PNCAI\frontend\node_modules\@jsonjoy.com\fs-snapshot\node_modules\@jsonjoy.com\util\lib'
npm warn tar TAR_ENTRY_ERROR ENOENT: no such file or directory, lstat 'C:\Users\GCCHackVM\hackthon\PNCAgent\PNCAI\frontend\node_modules\@jsonjoy.com\fs-snapshot\node_modules\@jsonjoy.com\json-pack\lib'
npm warn tar TAR_ENTRY_ERROR ENOENT: no such file or directory, lstat 'C:\Users\GCCHackVM\hackthon\PNCAgent\PNCAI\frontend\node_modules\@jsonjoy.com\fs-snapshot\node_modules\@jsonjoy.com\util\lib'
npm warn tar TAR_ENTRY_ERROR ENOENT: no such file or directory, lstat 'C:\Users\GCCHackVM\hackthon\PNCAgent\PNCAI\frontend\node_modules\@jsonjoy.com\fs-snapshot\node_modules\@jsonjoy.com\json-pack\lib'
npm warn tar TAR_ENTRY_ERROR ENOENT: no such file or directory, lstat 'C:\Users\GCCHackVM\hackthon\PNCAgent\PNCAI\frontend\node_modules\@jsonjoy.com\fs-snapshot\node_modules\@jsonjoy.com\util\lib'
npm warn tar TAR_ENTRY_ERROR ENOENT: no such file or directory, lstat 'C:\Users\GCCHackVM\hackthon\PNCAgent\PNCAI\frontend\node_modules\@jsonjoy.com\fs-snapshot\node_modules\@jsonjoy.com\json-pack\lib'
npm warn tar TAR_ENTRY_ERROR ENOENT: no such file or directory, lstat 'C:\Users\GCCHackVM\hackthon\PNCAgent\PNCAI\frontend\node_modules\@jsonjoy.com\fs-snapshot\node_modules\@jsonjoy.com\util\lib'
npm warn tar TAR_ENTRY_ERROR ENOENT: no such file or directory, lstat 'C:\Users\GCCHackVM\hackthon\PNCAgent\PNCAI\frontend\node_modules\@jsonjoy.com\fs-snapshot\node_modules\@jsonjoy.com\json-pack\lib'
npm warn tar TAR_ENTRY_ERROR ENOENT: no such file or directory, lstat 'C:\Users\GCCHackVM\hackthon\PNCAgent\PNCAI\frontend\node_modules\@jsonjoy.com\fs-snapshot\node_modules\@jsonjoy.com\util\lib'
npm warn tar TAR_ENTRY_ERROR ENOENT: no such file or directory, lstat 'C:\Users\GCCHackVM\hackthon\PNCAgent\PNCAI\frontend\node_modules\@jsonjoy.com\fs-snapshot\node_modules\@jsonjoy.com\json-pack\lib'
npm warn tar TAR_ENTRY_ERROR ENOENT: no such file or directory, lstat 'C:\Users\GCCHackVM\hackthon\PNCAgent\PNCAI\frontend\node_modules\@jsonjoy.com\fs-snapshot\node_modules\@jsonjoy.com\util\lib'
npm warn tar TAR_ENTRY_ERROR ENOENT: no such file or directory, lstat 'C:\Users\GCCHackVM\hackthon\PNCAgent\PNCAI\frontend\node_modules\@jsonjoy.com\fs-snapshot\node_modules\@jsonjoy.com\json-pack\lib'
npm warn tar TAR_ENTRY_ERROR ENOENT: no such file or directory, lstat 'C:\Users\GCCHackVM\hackthon\PNCAgent\PNCAI\frontend\node_modules\@jsonjoy.com\fs-snapshot\node_modules\@jsonjoy.com\util\lib'
npm warn tar TAR_ENTRY_ERROR ENOENT: no such file or directory, lstat 'C:\Users\GCCHackVM\hackthon\PNCAgent\PNCAI\frontend\node_modules\@jsonjoy.com\fs-snapshot\node_modules\@jsonjoy.com\json-pack\lib'
npm warn tar TAR_ENTRY_ERROR ENOENT: no such file or directory, lstat 'C:\Users\GCCHackVM\hackthon\PNCAgent\PNCAI\frontend\node_modules\@jsonjoy.com\fs-snapshot\node_modules\@jsonjoy.com\util\lib'
npm warn tar TAR_ENTRY_ERROR ENOENT: no such file or directory, lstat 'C:\Users\GCCHackVM\hackthon\PNCAgent\PNCAI\frontend\node_modules\@jsonjoy.com\fs-snapshot\node_modules\@jsonjoy.com\json-pack\lib'
npm warn tar TAR_ENTRY_ERROR ENOENT: no such file or directory, lstat 'C:\Users\GCCHackVM\hackthon\PNCAgent\PNCAI\frontend\node_modules\@jsonjoy.com\fs-snapshot\node_modules\@jsonjoy.com\util\lib'
npm warn tar TAR_ENTRY_ERROR ENOENT: no such file or directory, lstat 'C:\Users\GCCHackVM\hackthon\PNCAgent\PNCAI\frontend\node_modules\@jsonjoy.com\fs-snapshot\node_modules\@jsonjoy.com\json-pack\lib'
npm warn tar TAR_ENTRY_ERROR ENOENT: no such file or directory, lstat 'C:\Users\GCCHackVM\hackthon\PNCAgent\PNCAI\frontend\node_modules\@jsonjoy.com\fs-snapshot\node_modules\@jsonjoy.com\util\lib'
npm warn tar TAR_ENTRY_ERROR ENOENT: no such file or directory, lstat 'C:\Users\GCCHackVM\hackthon\PNCAgent\PNCAI\frontend\node_modules\@jsonjoy.com\fs-snapshot\node_modules\@jsonjoy.com\json-pack\lib'
npm warn tar TAR_ENTRY_ERROR ENOENT: no such file or directory, lstat 'C:\Users\GCCHackVM\hackthon\PNCAgent\PNCAI\frontend\node_modules\@jsonjoy.com\fs-snapshot\node_modules\@jsonjoy.com\util\lib'
npm warn tar TAR_ENTRY_ERROR ENOENT: no such file or directory, lstat 'C:\Users\GCCHackVM\hackthon\PNCAgent\PNCAI\frontend\node_modules\@jsonjoy.com\fs-snapshot\node_modules\@jsonjoy.com\json-pack\lib'
npm warn tar TAR_ENTRY_ERROR ENOENT: no such file or directory, lstat 'C:\Users\GCCHackVM\hackthon\PNCAgent\PNCAI\frontend\node_modules\@jsonjoy.com\fs-snapshot\node_modules\@jsonjoy.com\util\lib'
npm warn tar TAR_ENTRY_ERROR ENOENT: no such file or directory, lstat 'C:\Users\GCCHackVM\hackthon\PNCAgent\PNCAI\frontend\node_modules\@jsonjoy.com\fs-snapshot\node_modules\@jsonjoy.com\json-pack\lib'
npm warn tar TAR_ENTRY_ERROR ENOENT: no such file or directory, lstat 'C:\Users\GCCHackVM\hackthon\PNCAgent\PNCAI\frontend\node_modules\@jsonjoy.com\fs-snapshot\node_modules\@jsonjoy.com\util\lib'
npm warn tar TAR_ENTRY_ERROR ENOENT: no such file or directory, lstat 'C:\Users\GCCHackVM\hackthon\PNCAgent\PNCAI\frontend\node_modules\@jsonjoy.com\fs-snapshot\node_modules\@jsonjoy.com\json-pack\lib'
npm warn tar TAR_ENTRY_ERROR ENOENT: no such file or directory, lstat 'C:\Users\GCCHackVM\hackthon\PNCAgent\PNCAI\frontend\node_modules\@jsonjoy.com\fs-snapshot\node_modules\@jsonjoy.com\util\lib'
npm warn tar TAR_ENTRY_ERROR ENOENT: no such file or directory, lstat 'C:\Users\GCCHackVM\hackthon\PNCAgent\PNCAI\frontend\node_modules\@jsonjoy.com\fs-snapshot\node_modules\@jsonjoy.com\json-pack\lib'
npm warn tar TAR_ENTRY_ERROR ENOENT: no such file or directory, lstat 'C:\Users\GCCHackVM\hackthon\PNCAgent\PNCAI\frontend\node_modules\@jsonjoy.com\fs-snapshot\node_modules\@jsonjoy.com\util\lib'
npm warn tar TAR_ENTRY_ERROR ENOENT: no such file or directory, lstat 'C:\Users\GCCHackVM\hackthon\PNCAgent\PNCAI\frontend\node_modules\@jsonjoy.com\fs-snapshot\node_modules\@jsonjoy.com\json-pack\lib'
npm warn tar TAR_ENTRY_ERROR ENOENT: no such file or directory, lstat 'C:\Users\GCCHackVM\hackthon\PNCAgent\PNCAI\frontend\node_modules\@jsonjoy.com\buffers\lib\utf8\decodeUtf8'
npm warn tar TAR_ENTRY_ERROR ENOENT: no such file or directory, lstat 'C:\Users\GCCHackVM\hackthon\PNCAgent\PNCAI\frontend\node_modules\@jsonjoy.com\fs-snapshot\node_modules\@jsonjoy.com\util\lib'
npm warn tar TAR_ENTRY_ERROR ENOENT: no such file or directory, lstat 'C:\Users\GCCHackVM\hackthon\PNCAgent\PNCAI\frontend\node_modules\@jsonjoy.com\fs-snapshot\node_modules\@jsonjoy.com\json-pack\lib'
npm warn tar TAR_ENTRY_ERROR ENOENT: no such file or directory, lstat 'C:\Users\GCCHackVM\hackthon\PNCAgent\PNCAI\frontend\node_modules\@jsonjoy.com\fs-snapshot\node_modules\@jsonjoy.com\util\lib'
npm warn tar TAR_ENTRY_ERROR ENOENT: no such file or directory, lstat 'C:\Users\GCCHackVM\hackthon\PNCAgent\PNCAI\frontend\node_modules\@jsonjoy.com\fs-snapshot\node_modules\@jsonjoy.com\json-pack\lib'
npm warn tar TAR_ENTRY_ERROR ENOENT: no such file or directory, lstat 'C:\Users\GCCHackVM\hackthon\PNCAgent\PNCAI\frontend\node_modules\@jsonjoy.com\fs-snapshot\node_modules\@jsonjoy.com\util\lib'
npm warn tar TAR_ENTRY_ERROR ENOENT: no such file or directory, lstat 'C:\Users\GCCHackVM\hackthon\PNCAgent\PNCAI\frontend\node_modules\@jsonjoy.com\fs-snapshot\node_modules\@jsonjoy.com\json-pack\lib'
npm warn tar TAR_ENTRY_ERROR ENOENT: no such file or directory, lstat 'C:\Users\GCCHackVM\hackthon\PNCAgent\PNCAI\frontend\node_modules\@jsonjoy.com\fs-snapshot\node_modules\@jsonjoy.com\util\lib'
npm warn tar TAR_ENTRY_ERROR ENOENT: no such file or directory, lstat 'C:\Users\GCCHackVM\hackthon\PNCAgent\PNCAI\frontend\node_modules\@jsonjoy.com\fs-snapshot\node_modules\@jsonjoy.com\json-pack\lib'
npm warn tar TAR_ENTRY_ERROR ENOENT: no such file or directory, lstat 'C:\Users\GCCHackVM\hackthon\PNCAgent\PNCAI\frontend\node_modules\@jsonjoy.com\fs-snapshot\node_modules\@jsonjoy.com\util\lib'
npm warn tar TAR_ENTRY_ERROR ENOENT: no such file or directory, lstat 'C:\Users\GCCHackVM\hackthon\PNCAgent\PNCAI\frontend\node_modules\@jsonjoy.com\fs-snapshot\node_modules\@jsonjoy.com\json-pack\lib'
npm warn tar TAR_ENTRY_ERROR ENOENT: no such file or directory, lstat 'C:\Users\GCCHackVM\hackthon\PNCAgent\PNCAI\frontend\node_modules\@jsonjoy.com\fs-snapshot\node_modules\@jsonjoy.com\util\lib'
npm warn tar TAR_ENTRY_ERROR ENOENT: no such file or directory, lstat 'C:\Users\GCCHackVM\hackthon\PNCAgent\PNCAI\frontend\node_modules\@jsonjoy.com\fs-snapshot\node_modules\@jsonjoy.com\json-pack\lib'
npm warn tar TAR_ENTRY_ERROR ENOENT: no such file or directory, lstat 'C:\Users\GCCHackVM\hackthon\PNCAgent\PNCAI\frontend\node_modules\@jsonjoy.com\fs-snapshot\node_modules\@jsonjoy.com\util\lib'
npm warn tar TAR_ENTRY_ERROR ENOENT: no such file or directory, lstat 'C:\Users\GCCHackVM\hackthon\PNCAgent\PNCAI\frontend\node_modules\@jsonjoy.com\fs-snapshot\node_modules\@jsonjoy.com\json-pack\lib'
npm warn tar TAR_ENTRY_ERROR ENOENT: no such file or directory, lstat 'C:\Users\GCCHackVM\hackthon\PNCAgent\PNCAI\frontend\node_modules\@jsonjoy.com\fs-snapshot\node_modules\@jsonjoy.com\util\lib'
npm warn tar TAR_ENTRY_ERROR ENOENT: no such file or directory, lstat 'C:\Users\GCCHackVM\hackthon\PNCAgent\PNCAI\frontend\node_modules\@jsonjoy.com\fs-snapshot\node_modules\@jsonjoy.com\json-pack\lib'
npm warn tar TAR_ENTRY_ERROR ENOENT: no such file or directory, open 'C:\Users\GCCHackVM\hackthon\PNCAgent\PNCAI\frontend\node_modules\@jsonjoy.com\fs-snapshot\node_modules\@jsonjoy.com\util\package.json'
npm warn tar TAR_ENTRY_ERROR ENOENT: no such file or directory, lstat 'C:\Users\GCCHackVM\hackthon\PNCAgent\PNCAI\frontend\node_modules\@jsonjoy.com\fs-snapshot\node_modules\@jsonjoy.com\json-pack\lib'
npm warn tar TAR_ENTRY_ERROR ENOENT: no such file or directory, lstat 'C:\Users\GCCHackVM\hackthon\PNCAgent\PNCAI\frontend\node_modules\@jsonjoy.com\fs-snapshot\node_modules\@jsonjoy.com\json-pack\lib'
npm warn tar TAR_ENTRY_ERROR ENOENT: no such file or directory, lstat 'C:\Users\GCCHackVM\hackthon\PNCAgent\PNCAI\frontend\node_modules\@jsonjoy.com\fs-snapshot\node_modules\@jsonjoy.com\json-pack\lib'
npm warn tar TAR_ENTRY_ERROR ENOENT: no such file or directory, lstat 'C:\Users\GCCHackVM\hackthon\PNCAgent\PNCAI\frontend\node_modules\@jsonjoy.com\fs-snapshot\node_modules\@jsonjoy.com\json-pack\lib'
npm warn tar TAR_ENTRY_ERROR ENOENT: no such file or directory, lstat 'C:\Users\GCCHackVM\hackthon\PNCAgent\PNCAI\frontend\node_modules\@jsonjoy.com\fs-snapshot\node_modules\@jsonjoy.com\json-pack\lib'
npm warn tar TAR_ENTRY_ERROR ENOENT: no such file or directory, lstat 'C:\Users\GCCHackVM\hackthon\PNCAgent\PNCAI\frontend\node_modules\@jsonjoy.com\fs-snapshot\node_modules\@jsonjoy.com\json-pack\lib'
npm warn tar TAR_ENTRY_ERROR ENOENT: no such file or directory, lstat 'C:\Users\GCCHackVM\hackthon\PNCAgent\PNCAI\frontend\node_modules\@jsonjoy.com\fs-snapshot\node_modules\@jsonjoy.com\json-pack\lib'
npm warn tar TAR_ENTRY_ERROR ENOENT: no such file or directory, lstat 'C:\Users\GCCHackVM\hackthon\PNCAgent\PNCAI\frontend\node_modules\@jsonjoy.com\fs-snapshot\node_modules\@jsonjoy.com\json-pack\lib'
npm warn tar TAR_ENTRY_ERROR ENOENT: no such file or directory, lstat 'C:\Users\GCCHackVM\hackthon\PNCAgent\PNCAI\frontend\node_modules\@jsonjoy.com\fs-snapshot\node_modules\@jsonjoy.com\json-pack\lib'
npm warn tar TAR_ENTRY_ERROR ENOENT: no such file or directory, lstat 'C:\Users\GCCHackVM\hackthon\PNCAgent\PNCAI\frontend\node_modules\@jsonjoy.com\fs-snapshot\node_modules\@jsonjoy.com\json-pack\lib'
npm warn tar TAR_ENTRY_ERROR ENOENT: no such file or directory, lstat 'C:\Users\GCCHackVM\hackthon\PNCAgent\PNCAI\frontend\node_modules\@jsonjoy.com\fs-snapshot\node_modules\@jsonjoy.com\json-pack\lib'
npm warn tar TAR_ENTRY_ERROR ENOENT: no such file or directory, lstat 'C:\Users\GCCHackVM\hackthon\PNCAgent\PNCAI\frontend\node_modules\@jsonjoy.com\fs-snapshot\node_modules\@jsonjoy.com\json-pack\lib'
npm warn tar TAR_ENTRY_ERROR ENOENT: no such file or directory, lstat 'C:\Users\GCCHackVM\hackthon\PNCAgent\PNCAI\frontend\node_modules\@jsonjoy.com\fs-snapshot\node_modules\@jsonjoy.com\json-pack\lib'
npm warn tar TAR_ENTRY_ERROR ENOENT: no such file or directory, lstat 'C:\Users\GCCHackVM\hackthon\PNCAgent\PNCAI\frontend\node_modules\@jsonjoy.com\fs-snapshot\node_modules\@jsonjoy.com\json-pack\lib'
npm warn tar TAR_ENTRY_ERROR ENOENT: no such file or directory, lstat 'C:\Users\GCCHackVM\hackthon\PNCAgent\PNCAI\frontend\node_modules\@jsonjoy.com\fs-snapshot\node_modules\@jsonjoy.com\json-pack\lib'
npm warn tar TAR_ENTRY_ERROR ENOENT: no such file or directory, lstat 'C:\Users\GCCHackVM\hackthon\PNCAgent\PNCAI\frontend\node_modules\@jsonjoy.com\fs-snapshot\node_modules\@jsonjoy.com\json-pack\lib'
npm warn tar TAR_ENTRY_ERROR ENOENT: no such file or directory, lstat 'C:\Users\GCCHackVM\hackthon\PNCAgent\PNCAI\frontend\node_modules\@jsonjoy.com\fs-snapshot\node_modules\@jsonjoy.com\json-pack\lib'
npm warn tar TAR_ENTRY_ERROR ENOENT: no such file or directory, lstat 'C:\Users\GCCHackVM\hackthon\PNCAgent\PNCAI\frontend\node_modules\@jsonjoy.com\fs-snapshot\node_modules\@jsonjoy.com\json-pack\lib'
npm warn tar TAR_ENTRY_ERROR ENOENT: no such file or directory, lstat 'C:\Users\GCCHackVM\hackthon\PNCAgent\PNCAI\frontend\node_modules\@jsonjoy.com\fs-snapshot\node_modules\@jsonjoy.com\json-pack\lib'
npm warn tar TAR_ENTRY_ERROR ENOENT: no such file or directory, lstat 'C:\Users\GCCHackVM\hackthon\PNCAgent\PNCAI\frontend\node_modules\@jsonjoy.com\fs-snapshot\node_modules\@jsonjoy.com\json-pack\lib'
npm warn tar TAR_ENTRY_ERROR ENOENT: no such file or directory, lstat 'C:\Users\GCCHackVM\hackthon\PNCAgent\PNCAI\frontend\node_modules\@jsonjoy.com\fs-snapshot\node_modules\@jsonjoy.com\json-pack\lib'
npm warn tar TAR_ENTRY_ERROR ENOENT: no such file or directory, lstat 'C:\Users\GCCHackVM\hackthon\PNCAgent\PNCAI\frontend\node_modules\@jsonjoy.com\fs-snapshot\node_modules\@jsonjoy.com\json-pack\lib'
npm warn tar TAR_ENTRY_ERROR ENOENT: no such file or directory, lstat 'C:\Users\GCCHackVM\hackthon\PNCAgent\PNCAI\frontend\node_modules\@jsonjoy.com\fs-snapshot\node_modules\@jsonjoy.com\json-pack\lib'
npm warn tar TAR_ENTRY_ERROR ENOENT: no such file or directory, lstat 'C:\Users\GCCHackVM\hackthon\PNCAgent\PNCAI\frontend\node_modules\@jsonjoy.com\fs-snapshot\node_modules\@jsonjoy.com\json-pack\lib'
npm warn tar TAR_ENTRY_ERROR ENOENT: no such file or directory, lstat 'C:\Users\GCCHackVM\hackthon\PNCAgent\PNCAI\frontend\node_modules\@jsonjoy.com\fs-snapshot\node_modules\@jsonjoy.com\json-pack\lib'
npm warn tar TAR_ENTRY_ERROR ENOENT: no such file or directory, open 'C:\Users\GCCHackVM\hackthon\PNCAgent\PNCAI\frontend\node_modules\ajv\dist\vocabularies\jtd\properties.js'
npm warn tar TAR_ENTRY_ERROR ENOENT: no such file or directory, lstat 'C:\Users\GCCHackVM\hackthon\PNCAgent\PNCAI\frontend\node_modules\@jsonjoy.com\fs-snapshot\node_modules\@jsonjoy.com\json-pack\lib'
npm warn tar TAR_ENTRY_ERROR ENOENT: no such file or directory, lstat 'C:\Users\GCCHackVM\hackthon\PNCAgent\PNCAI\frontend\node_modules\@jsonjoy.com\fs-snapshot\node_modules\@jsonjoy.com\json-pack\lib'
npm warn tar TAR_ENTRY_ERROR ENOENT: no such file or directory, lstat 'C:\Users\GCCHackVM\hackthon\PNCAgent\PNCAI\frontend\node_modules\@jsonjoy.com\fs-snapshot\node_modules\@jsonjoy.com\json-pack\lib'
npm warn tar TAR_ENTRY_ERROR ENOENT: no such file or directory, lstat 'C:\Users\GCCHackVM\hackthon\PNCAgent\PNCAI\frontend\node_modules\@jsonjoy.com\fs-snapshot\node_modules\@jsonjoy.com\json-pack\lib'
npm warn tar TAR_ENTRY_ERROR ENOENT: no such file or directory, lstat 'C:\Users\GCCHackVM\hackthon\PNCAgent\PNCAI\frontend\node_modules\@jsonjoy.com\fs-snapshot\node_modules\@jsonjoy.com\json-pack\lib'
npm warn tar TAR_ENTRY_ERROR ENOENT: no such file or directory, lstat 'C:\Users\GCCHackVM\hackthon\PNCAgent\PNCAI\frontend\node_modules\@jsonjoy.com\fs-snapshot\node_modules\@jsonjoy.com\json-pack\lib'
npm warn tar TAR_ENTRY_ERROR ENOENT: no such file or directory, lstat 'C:\Users\GCCHackVM\hackthon\PNCAgent\PNCAI\frontend\node_modules\@jsonjoy.com\fs-snapshot\node_modules\@jsonjoy.com\json-pack\lib'
npm warn tar TAR_ENTRY_ERROR ENOENT: no such file or directory, lstat 'C:\Users\GCCHackVM\hackthon\PNCAgent\PNCAI\frontend\node_modules\@jsonjoy.com\fs-snapshot\node_modules\@jsonjoy.com\json-pack\lib'
npm warn tar TAR_ENTRY_ERROR ENOENT: no such file or directory, lstat 'C:\Users\GCCHackVM\hackthon\PNCAgent\PNCAI\frontend\node_modules\@jsonjoy.com\fs-snapshot\node_modules\@jsonjoy.com\json-pack\lib'
npm warn tar TAR_ENTRY_ERROR ENOENT: no such file or directory, lstat 'C:\Users\GCCHackVM\hackthon\PNCAgent\PNCAI\frontend\node_modules\@jsonjoy.com\fs-snapshot\node_modules\@jsonjoy.com\json-pack\lib'
npm warn tar TAR_ENTRY_ERROR ENOENT: no such file or directory, lstat 'C:\Users\GCCHackVM\hackthon\PNCAgent\PNCAI\frontend\node_modules\@jsonjoy.com\fs-snapshot\node_modules\@jsonjoy.com\json-pack\lib'
npm warn tar TAR_ENTRY_ERROR ENOENT: no such file or directory, lstat 'C:\Users\GCCHackVM\hackthon\PNCAgent\PNCAI\frontend\node_modules\@jsonjoy.com\fs-snapshot\node_modules\@jsonjoy.com\json-pack\lib'
npm warn tar TAR_ENTRY_ERROR ENOENT: no such file or directory, lstat 'C:\Users\GCCHackVM\hackthon\PNCAgent\PNCAI\frontend\node_modules\@jsonjoy.com\fs-snapshot\node_modules\@jsonjoy.com\json-pack\lib'
npm warn tar TAR_ENTRY_ERROR ENOENT: no such file or directory, lstat 'C:\Users\GCCHackVM\hackthon\PNCAgent\PNCAI\frontend\node_modules\@jsonjoy.com\fs-snapshot\node_modules\@jsonjoy.com\json-pack\lib'
npm warn tar TAR_ENTRY_ERROR ENOENT: no such file or directory, lstat 'C:\Users\GCCHackVM\hackthon\PNCAgent\PNCAI\frontend\node_modules\@jsonjoy.com\fs-snapshot\node_modules\@jsonjoy.com\json-pack\lib'
npm warn tar TAR_ENTRY_ERROR ENOENT: no such file or directory, lstat 'C:\Users\GCCHackVM\hackthon\PNCAgent\PNCAI\frontend\node_modules\@jsonjoy.com\fs-snapshot\node_modules\@jsonjoy.com\json-pack\lib'
npm warn tar TAR_ENTRY_ERROR ENOENT: no such file or directory, lstat 'C:\Users\GCCHackVM\hackthon\PNCAgent\PNCAI\frontend\node_modules\@jsonjoy.com\fs-snapshot\node_modules\@jsonjoy.com\json-pack\lib'
npm warn tar TAR_ENTRY_ERROR ENOENT: no such file or directory, lstat 'C:\Users\GCCHackVM\hackthon\PNCAgent\PNCAI\frontend\node_modules\@jsonjoy.com\fs-snapshot\node_modules\@jsonjoy.com\json-pack\lib'
npm warn tar TAR_ENTRY_ERROR ENOENT: no such file or directory, lstat 'C:\Users\GCCHackVM\hackthon\PNCAgent\PNCAI\frontend\node_modules\@jsonjoy.com\fs-snapshot\node_modules\@jsonjoy.com\json-pack\lib'
npm warn tar TAR_ENTRY_ERROR ENOENT: no such file or directory, lstat 'C:\Users\GCCHackVM\hackthon\PNCAgent\PNCAI\frontend\node_modules\@jsonjoy.com\fs-snapshot\node_modules\@jsonjoy.com\json-pack\lib'
npm warn tar TAR_ENTRY_ERROR ENOENT: no such file or directory, lstat 'C:\Users\GCCHackVM\hackthon\PNCAgent\PNCAI\frontend\node_modules\@jsonjoy.com\fs-snapshot\node_modules\@jsonjoy.com\json-pack\lib'
npm warn tar TAR_ENTRY_ERROR ENOENT: no such file or directory, lstat 'C:\Users\GCCHackVM\hackthon\PNCAgent\PNCAI\frontend\node_modules\@jsonjoy.com\fs-snapshot\node_modules\@jsonjoy.com\json-pack\lib'
npm warn tar TAR_ENTRY_ERROR ENOENT: no such file or directory, lstat 'C:\Users\GCCHackVM\hackthon\PNCAgent\PNCAI\frontend\node_modules\@jsonjoy.com\fs-snapshot\node_modules\@jsonjoy.com\json-pack\lib'
npm warn tar TAR_ENTRY_ERROR ENOENT: no such file or directory, lstat 'C:\Users\GCCHackVM\hackthon\PNCAgent\PNCAI\frontend\node_modules\@jsonjoy.com\fs-snapshot\node_modules\@jsonjoy.com\json-pack\lib'
npm warn tar TAR_ENTRY_ERROR ENOENT: no such file or directory, lstat 'C:\Users\GCCHackVM\hackthon\PNCAgent\PNCAI\frontend\node_modules\@jsonjoy.com\fs-snapshot\node_modules\@jsonjoy.com\json-pack\lib'
npm warn tar TAR_ENTRY_ERROR ENOENT: no such file or directory, lstat 'C:\Users\GCCHackVM\hackthon\PNCAgent\PNCAI\frontend\node_modules\@jsonjoy.com\fs-snapshot\node_modules\@jsonjoy.com\json-pack\lib'
npm warn tar TAR_ENTRY_ERROR ENOENT: no such file or directory, lstat 'C:\Users\GCCHackVM\hackthon\PNCAgent\PNCAI\frontend\node_modules\@jsonjoy.com\fs-snapshot\node_modules\@jsonjoy.com\json-pack\lib'
npm warn tar TAR_ENTRY_ERROR ENOENT: no such file or directory, lstat 'C:\Users\GCCHackVM\hackthon\PNCAgent\PNCAI\frontend\node_modules\@jsonjoy.com\json-pack\lib\nfs\v3\mount'
npm warn tar TAR_ENTRY_ERROR ENOENT: no such file or directory, lstat 'C:\Users\GCCHackVM\hackthon\PNCAgent\PNCAI\frontend\node_modules\@jsonjoy.com\fs-snapshot\node_modules\@jsonjoy.com\json-pack\lib'
npm warn tar TAR_ENTRY_ERROR ENOENT: no such file or directory, lstat 'C:\Users\GCCHackVM\hackthon\PNCAgent\PNCAI\frontend\node_modules\@jsonjoy.com\fs-snapshot\node_modules\@jsonjoy.com\json-pack\lib'
npm warn tar TAR_ENTRY_ERROR ENOENT: no such file or directory, lstat 'C:\Users\GCCHackVM\hackthon\PNCAgent\PNCAI\frontend\node_modules\@jsonjoy.com\fs-snapshot\node_modules\@jsonjoy.com\json-pack\lib'
npm warn tar TAR_ENTRY_ERROR ENOENT: no such file or directory, lstat 'C:\Users\GCCHackVM\hackthon\PNCAgent\PNCAI\frontend\node_modules\@jsonjoy.com\fs-snapshot\node_modules\@jsonjoy.com\json-pack\lib'
npm warn tar TAR_ENTRY_ERROR ENOENT: no such file or directory, lstat 'C:\Users\GCCHackVM\hackthon\PNCAgent\PNCAI\frontend\node_modules\@jsonjoy.com\fs-snapshot\node_modules\@jsonjoy.com\json-pack\lib'
npm warn tar TAR_ENTRY_ERROR ENOENT: no such file or directory, lstat 'C:\Users\GCCHackVM\hackthon\PNCAgent\PNCAI\frontend\node_modules\@jsonjoy.com\fs-snapshot\node_modules\@jsonjoy.com\json-pack\lib'
npm warn tar TAR_ENTRY_ERROR ENOENT: no such file or directory, lstat 'C:\Users\GCCHackVM\hackthon\PNCAgent\PNCAI\frontend\node_modules\@jsonjoy.com\fs-snapshot\node_modules\@jsonjoy.com\json-pack\lib'
npm warn tar TAR_ENTRY_ERROR ENOENT: no such file or directory, lstat 'C:\Users\GCCHackVM\hackthon\PNCAgent\PNCAI\frontend\node_modules\@jsonjoy.com\fs-snapshot\node_modules\@jsonjoy.com\json-pack\lib'
npm warn tar TAR_ENTRY_ERROR ENOENT: no such file or directory, lstat 'C:\Users\GCCHackVM\hackthon\PNCAgent\PNCAI\frontend\node_modules\@jsonjoy.com\fs-snapshot\node_modules\@jsonjoy.com\json-pack\lib'
npm warn tar TAR_ENTRY_ERROR ENOENT: no such file or directory, lstat 'C:\Users\GCCHackVM\hackthon\PNCAgent\PNCAI\frontend\node_modules\@jsonjoy.com\fs-snapshot\node_modules\@jsonjoy.com\json-pack\lib'
npm warn tar TAR_ENTRY_ERROR ENOENT: no such file or directory, lstat 'C:\Users\GCCHackVM\hackthon\PNCAgent\PNCAI\frontend\node_modules\@jsonjoy.com\fs-snapshot\node_modules\@jsonjoy.com\json-pack\lib'
npm warn tar TAR_ENTRY_ERROR ENOENT: no such file or directory, lstat 'C:\Users\GCCHackVM\hackthon\PNCAgent\PNCAI\frontend\node_modules\@jsonjoy.com\fs-snapshot\node_modules\@jsonjoy.com\json-pack\lib'
npm warn tar TAR_ENTRY_ERROR ENOENT: no such file or directory, lstat 'C:\Users\GCCHackVM\hackthon\PNCAgent\PNCAI\frontend\node_modules\@jsonjoy.com\fs-snapshot\node_modules\@jsonjoy.com\json-pack\lib'
npm warn tar TAR_ENTRY_ERROR ENOENT: no such file or directory, lstat 'C:\Users\GCCHackVM\hackthon\PNCAgent\PNCAI\frontend\node_modules\@jsonjoy.com\fs-snapshot\node_modules\@jsonjoy.com\json-pack\lib'
npm warn tar TAR_ENTRY_ERROR ENOENT: no such file or directory, lstat 'C:\Users\GCCHackVM\hackthon\PNCAgent\PNCAI\frontend\node_modules\@jsonjoy.com\fs-snapshot\node_modules\@jsonjoy.com\json-pack\lib'
npm warn tar TAR_ENTRY_ERROR ENOENT: no such file or directory, lstat 'C:\Users\GCCHackVM\hackthon\PNCAgent\PNCAI\frontend\node_modules\@jsonjoy.com\fs-snapshot\node_modules\@jsonjoy.com\json-pack\lib'
npm warn tar TAR_ENTRY_ERROR ENOENT: no such file or directory, lstat 'C:\Users\GCCHackVM\hackthon\PNCAgent\PNCAI\frontend\node_modules\@jsonjoy.com\fs-snapshot\node_modules\@jsonjoy.com\json-pack\lib'
npm warn tar TAR_ENTRY_ERROR ENOENT: no such file or directory, lstat 'C:\Users\GCCHackVM\hackthon\PNCAgent\PNCAI\frontend\node_modules\@jsonjoy.com\fs-snapshot\node_modules\@jsonjoy.com\json-pack\lib'
npm warn tar TAR_ENTRY_ERROR ENOENT: no such file or directory, lstat 'C:\Users\GCCHackVM\hackthon\PNCAgent\PNCAI\frontend\node_modules\@jsonjoy.com\fs-snapshot\node_modules\@jsonjoy.com\json-pack\lib'
npm warn tar TAR_ENTRY_ERROR ENOENT: no such file or directory, lstat 'C:\Users\GCCHackVM\hackthon\PNCAgent\PNCAI\frontend\node_modules\@jsonjoy.com\fs-snapshot\node_modules\@jsonjoy.com\json-pack\lib'
npm warn tar TAR_ENTRY_ERROR ENOENT: no such file or directory, lstat 'C:\Users\GCCHackVM\hackthon\PNCAgent\PNCAI\frontend\node_modules\@jsonjoy.com\fs-snapshot\node_modules\@jsonjoy.com\json-pack\lib'
npm warn tar TAR_ENTRY_ERROR ENOENT: no such file or directory, lstat 'C:\Users\GCCHackVM\hackthon\PNCAgent\PNCAI\frontend\node_modules\@jsonjoy.com\fs-snapshot\node_modules\@jsonjoy.com\json-pack\lib'
npm warn tar TAR_ENTRY_ERROR ENOENT: no such file or directory, lstat 'C:\Users\GCCHackVM\hackthon\PNCAgent\PNCAI\frontend\node_modules\@jsonjoy.com\fs-snapshot\node_modules\@jsonjoy.com\json-pack\lib'
npm warn tar TAR_ENTRY_ERROR ENOENT: no such file or directory, lstat 'C:\Users\GCCHackVM\hackthon\PNCAgent\PNCAI\frontend\node_modules\@jsonjoy.com\fs-snapshot\node_modules\@jsonjoy.com\json-pack\lib'
npm warn tar TAR_ENTRY_ERROR ENOENT: no such file or directory, lstat 'C:\Users\GCCHackVM\hackthon\PNCAgent\PNCAI\frontend\node_modules\@jsonjoy.com\fs-snapshot\node_modules\@jsonjoy.com\json-pack\lib'
npm warn tar TAR_ENTRY_ERROR ENOENT: no such file or directory, lstat 'C:\Users\GCCHackVM\hackthon\PNCAgent\PNCAI\frontend\node_modules\@jsonjoy.com\fs-snapshot\node_modules\@jsonjoy.com\json-pack\lib'
npm warn tar TAR_ENTRY_ERROR ENOENT: no such file or directory, lstat 'C:\Users\GCCHackVM\hackthon\PNCAgent\PNCAI\frontend\node_modules\@jsonjoy.com\fs-snapshot\node_modules\@jsonjoy.com\json-pack\lib'
npm warn tar TAR_ENTRY_ERROR ENOENT: no such file or directory, lstat 'C:\Users\GCCHackVM\hackthon\PNCAgent\PNCAI\frontend\node_modules\@jsonjoy.com\fs-snapshot\node_modules\@jsonjoy.com\json-pack\lib'
npm warn tar TAR_ENTRY_ERROR ENOENT: no such file or directory, lstat 'C:\Users\GCCHackVM\hackthon\PNCAgent\PNCAI\frontend\node_modules\@jsonjoy.com\fs-snapshot\node_modules\@jsonjoy.com\json-pack\lib'
npm warn tar TAR_ENTRY_ERROR ENOENT: no such file or directory, lstat 'C:\Users\GCCHackVM\hackthon\PNCAgent\PNCAI\frontend\node_modules\@jsonjoy.com\fs-snapshot\node_modules\@jsonjoy.com\json-pack\lib'
npm warn tar TAR_ENTRY_ERROR ENOENT: no such file or directory, lstat 'C:\Users\GCCHackVM\hackthon\PNCAgent\PNCAI\frontend\node_modules\@jsonjoy.com\fs-snapshot\node_modules\@jsonjoy.com\json-pack\lib'
npm warn tar TAR_ENTRY_ERROR ENOENT: no such file or directory, open 'C:\Users\GCCHackVM\hackthon\PNCAgent\PNCAI\frontend\node_modules\@angular-devkit\build-angular\src\builders\browser-esbuild\schema.js'
npm warn tar TAR_ENTRY_ERROR ENOENT: no such file or directory, lstat 'C:\Users\GCCHackVM\hackthon\PNCAgent\PNCAI\frontend\node_modules\@jsonjoy.com\fs-snapshot\node_modules\@jsonjoy.com\json-pack\lib'
npm warn tar TAR_ENTRY_ERROR ENOENT: no such file or directory, lstat 'C:\Users\GCCHackVM\hackthon\PNCAgent\PNCAI\frontend\node_modules\@jsonjoy.com\fs-snapshot\node_modules\@jsonjoy.com\json-pack\lib'
npm warn tar TAR_ENTRY_ERROR ENOENT: no such file or directory, lstat 'C:\Users\GCCHackVM\hackthon\PNCAgent\PNCAI\frontend\node_modules\@jsonjoy.com\fs-snapshot\node_modules\@jsonjoy.com\json-pack\lib'
npm warn tar TAR_ENTRY_ERROR ENOENT: no such file or directory, lstat 'C:\Users\GCCHackVM\hackthon\PNCAgent\PNCAI\frontend\node_modules\@jsonjoy.com\fs-snapshot\node_modules\@jsonjoy.com\json-pack\lib'
npm warn tar TAR_ENTRY_ERROR ENOENT: no such file or directory, lstat 'C:\Users\GCCHackVM\hackthon\PNCAgent\PNCAI\frontend\node_modules\@jsonjoy.com\fs-snapshot\node_modules\@jsonjoy.com\json-pack\lib'
npm warn tar TAR_ENTRY_ERROR ENOENT: no such file or directory, lstat 'C:\Users\GCCHackVM\hackthon\PNCAgent\PNCAI\frontend\node_modules\@jsonjoy.com\fs-snapshot\node_modules\@jsonjoy.com\json-pack\lib'
npm warn tar TAR_ENTRY_ERROR ENOENT: no such file or directory, lstat 'C:\Users\GCCHackVM\hackthon\PNCAgent\PNCAI\frontend\node_modules\@jsonjoy.com\fs-snapshot\node_modules\@jsonjoy.com\json-pack\lib'
npm warn tar TAR_ENTRY_ERROR ENOENT: no such file or directory, lstat 'C:\Users\GCCHackVM\hackthon\PNCAgent\PNCAI\frontend\node_modules\@jsonjoy.com\fs-snapshot\node_modules\@jsonjoy.com\json-pack\lib'
npm warn tar TAR_ENTRY_ERROR ENOENT: no such file or directory, lstat 'C:\Users\GCCHackVM\hackthon\PNCAgent\PNCAI\frontend\node_modules\@jsonjoy.com\fs-snapshot\node_modules\@jsonjoy.com\json-pack\lib'
npm warn tar TAR_ENTRY_ERROR ENOENT: no such file or directory, lstat 'C:\Users\GCCHackVM\hackthon\PNCAgent\PNCAI\frontend\node_modules\@jsonjoy.com\fs-snapshot\node_modules\@jsonjoy.com\json-pack\lib'
npm warn tar TAR_ENTRY_ERROR ENOENT: no such file or directory, lstat 'C:\Users\GCCHackVM\hackthon\PNCAgent\PNCAI\frontend\node_modules\@jsonjoy.com\fs-snapshot\node_modules\@jsonjoy.com\json-pack\lib'
npm warn tar TAR_ENTRY_ERROR ENOENT: no such file or directory, lstat 'C:\Users\GCCHackVM\hackthon\PNCAgent\PNCAI\frontend\node_modules\@jsonjoy.com\fs-snapshot\node_modules\@jsonjoy.com\json-pack\lib'
npm warn tar TAR_ENTRY_ERROR ENOENT: no such file or directory, lstat 'C:\Users\GCCHackVM\hackthon\PNCAgent\PNCAI\frontend\node_modules\@jsonjoy.com\fs-snapshot\node_modules\@jsonjoy.com\json-pack\lib'
npm warn tar TAR_ENTRY_ERROR ENOENT: no such file or directory, lstat 'C:\Users\GCCHackVM\hackthon\PNCAgent\PNCAI\frontend\node_modules\@jsonjoy.com\fs-snapshot\node_modules\@jsonjoy.com\json-pack\lib'
npm warn tar TAR_ENTRY_ERROR ENOENT: no such file or directory, lstat 'C:\Users\GCCHackVM\hackthon\PNCAgent\PNCAI\frontend\node_modules\@jsonjoy.com\fs-snapshot\node_modules\@jsonjoy.com\json-pack\lib'
npm warn tar TAR_ENTRY_ERROR ENOENT: no such file or directory, lstat 'C:\Users\GCCHackVM\hackthon\PNCAgent\PNCAI\frontend\node_modules\@jsonjoy.com\fs-snapshot\node_modules\@jsonjoy.com\json-pack\lib'
npm warn tar TAR_ENTRY_ERROR ENOENT: no such file or directory, lstat 'C:\Users\GCCHackVM\hackthon\PNCAgent\PNCAI\frontend\node_modules\@jsonjoy.com\fs-snapshot\node_modules\@jsonjoy.com\json-pack\lib'
npm warn tar TAR_ENTRY_ERROR ENOENT: no such file or directory, lstat 'C:\Users\GCCHackVM\hackthon\PNCAgent\PNCAI\frontend\node_modules\@jsonjoy.com\fs-snapshot\node_modules\@jsonjoy.com\json-pack\lib'
npm warn tar TAR_ENTRY_ERROR ENOENT: no such file or directory, lstat 'C:\Users\GCCHackVM\hackthon\PNCAgent\PNCAI\frontend\node_modules\@jsonjoy.com\fs-snapshot\node_modules\@jsonjoy.com\json-pack\lib'
npm warn tar TAR_ENTRY_ERROR ENOENT: no such file or directory, lstat 'C:\Users\GCCHackVM\hackthon\PNCAgent\PNCAI\frontend\node_modules\@jsonjoy.com\fs-snapshot\node_modules\@jsonjoy.com\json-pack\lib'
npm warn tar TAR_ENTRY_ERROR ENOENT: no such file or directory, lstat 'C:\Users\GCCHackVM\hackthon\PNCAgent\PNCAI\frontend\node_modules\@jsonjoy.com\fs-snapshot\node_modules\@jsonjoy.com\json-pack\lib'
npm warn tar TAR_ENTRY_ERROR ENOENT: no such file or directory, lstat 'C:\Users\GCCHackVM\hackthon\PNCAgent\PNCAI\frontend\node_modules\@jsonjoy.com\fs-snapshot\node_modules\@jsonjoy.com\json-pack\lib'
npm warn tar TAR_ENTRY_ERROR ENOENT: no such file or directory, lstat 'C:\Users\GCCHackVM\hackthon\PNCAgent\PNCAI\frontend\node_modules\@jsonjoy.com\fs-snapshot\node_modules\@jsonjoy.com\json-pack\lib'
npm warn tar TAR_ENTRY_ERROR ENOENT: no such file or directory, lstat 'C:\Users\GCCHackVM\hackthon\PNCAgent\PNCAI\frontend\node_modules\@jsonjoy.com\fs-snapshot\node_modules\@jsonjoy.com\json-pack\lib'
npm warn tar TAR_ENTRY_ERROR ENOENT: no such file or directory, lstat 'C:\Users\GCCHackVM\hackthon\PNCAgent\PNCAI\frontend\node_modules\@jsonjoy.com\fs-snapshot\node_modules\@jsonjoy.com\json-pack\lib'
npm warn tar TAR_ENTRY_ERROR ENOENT: no such file or directory, lstat 'C:\Users\GCCHackVM\hackthon\PNCAgent\PNCAI\frontend\node_modules\@jsonjoy.com\fs-snapshot\node_modules\@jsonjoy.com\json-pack\lib'
npm warn tar TAR_ENTRY_ERROR ENOENT: no such file or directory, lstat 'C:\Users\GCCHackVM\hackthon\PNCAgent\PNCAI\frontend\node_modules\@jsonjoy.com\fs-snapshot\node_modules\@jsonjoy.com\json-pack\lib'
npm warn tar TAR_ENTRY_ERROR ENOENT: no such file or directory, lstat 'C:\Users\GCCHackVM\hackthon\PNCAgent\PNCAI\frontend\node_modules\@jsonjoy.com\fs-snapshot\node_modules\@jsonjoy.com\json-pack\lib'
npm warn tar TAR_ENTRY_ERROR ENOENT: no such file or directory, lstat 'C:\Users\GCCHackVM\hackthon\PNCAgent\PNCAI\frontend\node_modules\@jsonjoy.com\fs-snapshot\node_modules\@jsonjoy.com\json-pack\lib'
npm warn tar TAR_ENTRY_ERROR ENOENT: no such file or directory, lstat 'C:\Users\GCCHackVM\hackthon\PNCAgent\PNCAI\frontend\node_modules\@jsonjoy.com\fs-snapshot\node_modules\@jsonjoy.com\json-pack\lib'
npm warn tar TAR_ENTRY_ERROR ENOENT: no such file or directory, lstat 'C:\Users\GCCHackVM\hackthon\PNCAgent\PNCAI\frontend\node_modules\@jsonjoy.com\fs-snapshot\node_modules\@jsonjoy.com\json-pack\lib'
npm warn tar TAR_ENTRY_ERROR ENOENT: no such file or directory, lstat 'C:\Users\GCCHackVM\hackthon\PNCAgent\PNCAI\frontend\node_modules\@jsonjoy.com\fs-snapshot\node_modules\@jsonjoy.com\json-pack\lib'
npm warn tar TAR_ENTRY_ERROR ENOENT: no such file or directory, lstat 'C:\Users\GCCHackVM\hackthon\PNCAgent\PNCAI\frontend\node_modules\@jsonjoy.com\fs-snapshot\node_modules\@jsonjoy.com\json-pack\lib'
npm warn tar TAR_ENTRY_ERROR ENOENT: no such file or directory, lstat 'C:\Users\GCCHackVM\hackthon\PNCAgent\PNCAI\frontend\node_modules\@jsonjoy.com\fs-snapshot\node_modules\@jsonjoy.com\json-pack\lib'
npm warn tar TAR_ENTRY_ERROR ENOENT: no such file or directory, lstat 'C:\Users\GCCHackVM\hackthon\PNCAgent\PNCAI\frontend\node_modules\@jsonjoy.com\fs-snapshot\node_modules\@jsonjoy.com\json-pack\lib'
npm warn tar TAR_ENTRY_ERROR ENOENT: no such file or directory, lstat 'C:\Users\GCCHackVM\hackthon\PNCAgent\PNCAI\frontend\node_modules\@jsonjoy.com\fs-snapshot\node_modules\@jsonjoy.com\json-pack\lib'
npm warn tar TAR_ENTRY_ERROR ENOENT: no such file or directory, lstat 'C:\Users\GCCHackVM\hackthon\PNCAgent\PNCAI\frontend\node_modules\@jsonjoy.com\fs-snapshot\node_modules\@jsonjoy.com\json-pack\lib'
npm warn tar TAR_ENTRY_ERROR ENOENT: no such file or directory, lstat 'C:\Users\GCCHackVM\hackthon\PNCAgent\PNCAI\frontend\node_modules\@jsonjoy.com\fs-snapshot\node_modules\@jsonjoy.com\json-pack\lib'
npm warn tar TAR_ENTRY_ERROR ENOENT: no such file or directory, lstat 'C:\Users\GCCHackVM\hackthon\PNCAgent\PNCAI\frontend\node_modules\@jsonjoy.com\fs-snapshot\node_modules\@jsonjoy.com\json-pack\lib'
npm warn tar TAR_ENTRY_ERROR ENOENT: no such file or directory, lstat 'C:\Users\GCCHackVM\hackthon\PNCAgent\PNCAI\frontend\node_modules\@jsonjoy.com\fs-snapshot\node_modules\@jsonjoy.com\json-pack\lib'
npm warn tar TAR_ENTRY_ERROR ENOENT: no such file or directory, lstat 'C:\Users\GCCHackVM\hackthon\PNCAgent\PNCAI\frontend\node_modules\@jsonjoy.com\fs-snapshot\node_modules\@jsonjoy.com\json-pack\lib'
npm warn tar TAR_ENTRY_ERROR ENOENT: no such file or directory, lstat 'C:\Users\GCCHackVM\hackthon\PNCAgent\PNCAI\frontend\node_modules\@jsonjoy.com\fs-snapshot\node_modules\@jsonjoy.com\json-pack\lib'
npm warn tar TAR_ENTRY_ERROR ENOENT: no such file or directory, lstat 'C:\Users\GCCHackVM\hackthon\PNCAgent\PNCAI\frontend\node_modules\@jsonjoy.com\fs-snapshot\node_modules\@jsonjoy.com\json-pack\lib'
npm warn tar TAR_ENTRY_ERROR ENOENT: no such file or directory, lstat 'C:\Users\GCCHackVM\hackthon\PNCAgent\PNCAI\frontend\node_modules\@jsonjoy.com\fs-snapshot\node_modules\@jsonjoy.com\json-pack\lib'
npm warn tar TAR_ENTRY_ERROR ENOENT: no such file or directory, lstat 'C:\Users\GCCHackVM\hackthon\PNCAgent\PNCAI\frontend\node_modules\@jsonjoy.com\fs-snapshot\node_modules\@jsonjoy.com\json-pack\lib'
npm warn tar TAR_ENTRY_ERROR ENOENT: no such file or directory, lstat 'C:\Users\GCCHackVM\hackthon\PNCAgent\PNCAI\frontend\node_modules\@jsonjoy.com\fs-snapshot\node_modules\@jsonjoy.com\json-pack\lib'
npm warn tar TAR_ENTRY_ERROR ENOENT: no such file or directory, lstat 'C:\Users\GCCHackVM\hackthon\PNCAgent\PNCAI\frontend\node_modules\@jsonjoy.com\fs-snapshot\node_modules\@jsonjoy.com\json-pack\lib'
npm warn tar TAR_ENTRY_ERROR ENOENT: no such file or directory, lstat 'C:\Users\GCCHackVM\hackthon\PNCAgent\PNCAI\frontend\node_modules\@jsonjoy.com\fs-snapshot\node_modules\@jsonjoy.com\json-pack\lib'
npm warn tar TAR_ENTRY_ERROR ENOENT: no such file or directory, lstat 'C:\Users\GCCHackVM\hackthon\PNCAgent\PNCAI\frontend\node_modules\@jsonjoy.com\fs-snapshot\node_modules\@jsonjoy.com\json-pack\lib'
npm warn tar TAR_ENTRY_ERROR ENOENT: no such file or directory, lstat 'C:\Users\GCCHackVM\hackthon\PNCAgent\PNCAI\frontend\node_modules\@jsonjoy.com\fs-snapshot\node_modules\@jsonjoy.com\json-pack\lib'
npm warn tar TAR_ENTRY_ERROR ENOENT: no such file or directory, lstat 'C:\Users\GCCHackVM\hackthon\PNCAgent\PNCAI\frontend\node_modules\@jsonjoy.com\fs-snapshot\node_modules\@jsonjoy.com\json-pack\lib'
npm warn tar TAR_ENTRY_ERROR ENOENT: no such file or directory, lstat 'C:\Users\GCCHackVM\hackthon\PNCAgent\PNCAI\frontend\node_modules\@jsonjoy.com\fs-snapshot\node_modules\@jsonjoy.com\json-pack\lib'
npm warn tar TAR_ENTRY_ERROR ENOENT: no such file or directory, open 'C:\Users\GCCHackVM\hackthon\PNCAgent\PNCAI\frontend\node_modules\@angular\cdk\fesm2022\_test-environment-chunk.mjs.map'
npm warn tar TAR_ENTRY_ERROR ENOENT: no such file or directory, lstat 'C:\Users\GCCHackVM\hackthon\PNCAgent\PNCAI\frontend\node_modules\@schematics\angular\ssr'
npm warn tar TAR_ENTRY_ERROR ENOENT: no such file or directory, lstat 'C:\Users\GCCHackVM\hackthon\PNCAgent\PNCAI\frontend\node_modules\@jsonjoy.com\fs-snapshot\node_modules\@jsonjoy.com\json-pack\lib'
npm warn tar TAR_ENTRY_ERROR ENOENT: no such file or directory, lstat 'C:\Users\GCCHackVM\hackthon\PNCAgent\PNCAI\frontend\node_modules\@jsonjoy.com\fs-snapshot\node_modules\@jsonjoy.com\json-pack\lib'
npm warn tar TAR_ENTRY_ERROR ENOENT: no such file or directory, lstat 'C:\Users\GCCHackVM\hackthon\PNCAgent\PNCAI\frontend\node_modules\@jsonjoy.com\fs-snapshot\node_modules\@jsonjoy.com\json-pack\lib'
npm warn tar TAR_ENTRY_ERROR ENOENT: no such file or directory, lstat 'C:\Users\GCCHackVM\hackthon\PNCAgent\PNCAI\frontend\node_modules\@jsonjoy.com\fs-snapshot\node_modules\@jsonjoy.com\json-pack\lib'
npm warn tar TAR_ENTRY_ERROR ENOENT: no such file or directory, lstat 'C:\Users\GCCHackVM\hackthon\PNCAgent\PNCAI\frontend\node_modules\@jsonjoy.com\fs-snapshot\node_modules\@jsonjoy.com\json-pack\lib'
npm warn tar TAR_ENTRY_ERROR ENOENT: no such file or directory, lstat 'C:\Users\GCCHackVM\hackthon\PNCAgent\PNCAI\frontend\node_modules\@jsonjoy.com\fs-snapshot\node_modules\@jsonjoy.com\json-pack\lib'
npm warn tar TAR_ENTRY_ERROR ENOENT: no such file or directory, lstat 'C:\Users\GCCHackVM\hackthon\PNCAgent\PNCAI\frontend\node_modules\@jsonjoy.com\fs-snapshot\node_modules\@jsonjoy.com\json-pack\lib'
npm warn tar TAR_ENTRY_ERROR ENOENT: no such file or directory, lstat 'C:\Users\GCCHackVM\hackthon\PNCAgent\PNCAI\frontend\node_modules\@jsonjoy.com\fs-snapshot\node_modules\@jsonjoy.com\json-pack\lib'
npm warn tar TAR_ENTRY_ERROR ENOENT: no such file or directory, lstat 'C:\Users\GCCHackVM\hackthon\PNCAgent\PNCAI\frontend\node_modules\@jsonjoy.com\fs-snapshot\node_modules\@jsonjoy.com\json-pack\lib'
npm warn tar TAR_ENTRY_ERROR ENOENT: no such file or directory, open 'C:\Users\GCCHackVM\hackthon\PNCAgent\PNCAI\frontend\node_modules\regenerate-unicode-properties\Binary_Property\IDS_Binary_Operator.js'
npm warn tar TAR_ENTRY_ERROR ENOENT: no such file or directory, lstat 'C:\Users\GCCHackVM\hackthon\PNCAgent\PNCAI\frontend\node_modules\@jsonjoy.com\fs-snapshot\node_modules\@jsonjoy.com\json-pack\lib'
npm warn tar TAR_ENTRY_ERROR ENOENT: no such file or directory, lstat 'C:\Users\GCCHackVM\hackthon\PNCAgent\PNCAI\frontend\node_modules\regenerate-unicode-properties\Binary_Property'
npm warn tar TAR_ENTRY_ERROR ENOENT: no such file or directory, lstat 'C:\Users\GCCHackVM\hackthon\PNCAgent\PNCAI\frontend\node_modules\@jsonjoy.com\fs-snapshot\node_modules\@jsonjoy.com\json-pack\lib'
npm warn tar TAR_ENTRY_ERROR ENOENT: no such file or directory, lstat 'C:\Users\GCCHackVM\hackthon\PNCAgent\PNCAI\frontend\node_modules\regenerate-unicode-properties\Script_Extensions'
npm warn tar TAR_ENTRY_ERROR ENOENT: no such file or directory, lstat 'C:\Users\GCCHackVM\hackthon\PNCAgent\PNCAI\frontend\node_modules\@jsonjoy.com\fs-snapshot\node_modules\@jsonjoy.com\json-pack\lib'
npm warn tar TAR_ENTRY_ERROR ENOENT: no such file or directory, lstat 'C:\Users\GCCHackVM\hackthon\PNCAgent\PNCAI\frontend\node_modules\regenerate-unicode-properties\Script'
npm warn tar TAR_ENTRY_ERROR ENOENT: no such file or directory, lstat 'C:\Users\GCCHackVM\hackthon\PNCAgent\PNCAI\frontend\node_modules\@jsonjoy.com\fs-snapshot\node_modules\@jsonjoy.com\json-pack\lib'
npm warn tar TAR_ENTRY_ERROR ENOENT: no such file or directory, open 'C:\Users\GCCHackVM\hackthon\PNCAgent\PNCAI\frontend\node_modules\regenerate-unicode-properties\index.js'
npm warn tar TAR_ENTRY_ERROR ENOENT: no such file or directory, lstat 'C:\Users\GCCHackVM\hackthon\PNCAgent\PNCAI\frontend\node_modules\@jsonjoy.com\fs-snapshot\node_modules\@jsonjoy.com\json-pack\lib'
npm warn tar TAR_ENTRY_ERROR ENOENT: no such file or directory, lstat 'C:\Users\GCCHackVM\hackthon\PNCAgent\PNCAI\frontend\node_modules\regenerate-unicode-properties\Script_Extensions'
npm warn tar TAR_ENTRY_ERROR ENOENT: no such file or directory, lstat 'C:\Users\GCCHackVM\hackthon\PNCAgent\PNCAI\frontend\node_modules\@jsonjoy.com\fs-snapshot\node_modules\@jsonjoy.com\json-pack\lib'
npm warn tar TAR_ENTRY_ERROR ENOENT: no such file or directory, lstat 'C:\Users\GCCHackVM\hackthon\PNCAgent\PNCAI\frontend\node_modules\regenerate-unicode-properties\Script'
npm warn tar TAR_ENTRY_ERROR ENOENT: no such file or directory, lstat 'C:\Users\GCCHackVM\hackthon\PNCAgent\PNCAI\frontend\node_modules\@jsonjoy.com\fs-snapshot\node_modules\@jsonjoy.com\json-pack\lib'
npm warn tar TAR_ENTRY_ERROR ENOENT: no such file or directory, lstat 'C:\Users\GCCHackVM\hackthon\PNCAgent\PNCAI\frontend\node_modules\regenerate-unicode-properties\General_Category'
npm warn tar TAR_ENTRY_ERROR ENOENT: no such file or directory, lstat 'C:\Users\GCCHackVM\hackthon\PNCAgent\PNCAI\frontend\node_modules\@jsonjoy.com\fs-snapshot\node_modules\@jsonjoy.com\json-pack\lib'
npm warn tar TAR_ENTRY_ERROR ENOENT: no such file or directory, lstat 'C:\Users\GCCHackVM\hackthon\PNCAgent\PNCAI\frontend\node_modules\regenerate-unicode-properties\Script_Extensions'
npm warn tar TAR_ENTRY_ERROR ENOENT: no such file or directory, lstat 'C:\Users\GCCHackVM\hackthon\PNCAgent\PNCAI\frontend\node_modules\@jsonjoy.com\fs-snapshot\node_modules\@jsonjoy.com\json-pack\lib'
npm warn tar TAR_ENTRY_ERROR ENOENT: no such file or directory, lstat 'C:\Users\GCCHackVM\hackthon\PNCAgent\PNCAI\frontend\node_modules\regenerate-unicode-properties\Script'
npm warn tar TAR_ENTRY_ERROR ENOENT: no such file or directory, lstat 'C:\Users\GCCHackVM\hackthon\PNCAgent\PNCAI\frontend\node_modules\@jsonjoy.com\fs-snapshot\node_modules\@jsonjoy.com\json-pack\lib'
npm warn tar TAR_ENTRY_ERROR ENOENT: no such file or directory, lstat 'C:\Users\GCCHackVM\hackthon\PNCAgent\PNCAI\frontend\node_modules\regenerate-unicode-properties\Script_Extensions'
npm warn tar TAR_ENTRY_ERROR ENOENT: no such file or directory, lstat 'C:\Users\GCCHackVM\hackthon\PNCAgent\PNCAI\frontend\node_modules\@jsonjoy.com\fs-snapshot\node_modules\@jsonjoy.com\json-pack\lib'
npm warn tar TAR_ENTRY_ERROR ENOENT: no such file or directory, lstat 'C:\Users\GCCHackVM\hackthon\PNCAgent\PNCAI\frontend\node_modules\regenerate-unicode-properties\Script'
npm warn tar TAR_ENTRY_ERROR ENOENT: no such file or directory, lstat 'C:\Users\GCCHackVM\hackthon\PNCAgent\PNCAI\frontend\node_modules\@jsonjoy.com\fs-snapshot\node_modules\@jsonjoy.com\json-pack\lib'
npm warn tar TAR_ENTRY_ERROR ENOENT: no such file or directory, lstat 'C:\Users\GCCHackVM\hackthon\PNCAgent\PNCAI\frontend\node_modules\regenerate-unicode-properties\Script_Extensions'
npm warn tar TAR_ENTRY_ERROR ENOENT: no such file or directory, lstat 'C:\Users\GCCHackVM\hackthon\PNCAgent\PNCAI\frontend\node_modules\@jsonjoy.com\fs-snapshot\node_modules\@jsonjoy.com\json-pack\lib'
npm warn tar TAR_ENTRY_ERROR ENOENT: no such file or directory, lstat 'C:\Users\GCCHackVM\hackthon\PNCAgent\PNCAI\frontend\node_modules\regenerate-unicode-properties\Script'
npm warn tar TAR_ENTRY_ERROR ENOENT: no such file or directory, lstat 'C:\Users\GCCHackVM\hackthon\PNCAgent\PNCAI\frontend\node_modules\@jsonjoy.com\fs-snapshot\node_modules\@jsonjoy.com\json-pack\lib'
npm warn tar TAR_ENTRY_ERROR ENOENT: no such file or directory, lstat 'C:\Users\GCCHackVM\hackthon\PNCAgent\PNCAI\frontend\node_modules\regenerate-unicode-properties\Binary_Property'
npm warn tar TAR_ENTRY_ERROR ENOENT: no such file or directory, lstat 'C:\Users\GCCHackVM\hackthon\PNCAgent\PNCAI\frontend\node_modules\@jsonjoy.com\fs-snapshot\node_modules\@jsonjoy.com\json-pack\lib'
npm warn tar TAR_ENTRY_ERROR ENOENT: no such file or directory, lstat 'C:\Users\GCCHackVM\hackthon\PNCAgent\PNCAI\frontend\node_modules\regenerate-unicode-properties\Script_Extensions'
npm warn tar TAR_ENTRY_ERROR ENOENT: no such file or directory, open 'C:\Users\GCCHackVM\hackthon\PNCAgent\PNCAI\frontend\node_modules\@angular-devkit\build-angular\node_modules\@angular\build\src\builders\unit-test\runners\karma\index.js'
npm warn tar TAR_ENTRY_ERROR ENOENT: no such file or directory, lstat 'C:\Users\GCCHackVM\hackthon\PNCAgent\PNCAI\frontend\node_modules\@jsonjoy.com\fs-snapshot\node_modules\@jsonjoy.com\json-pack\lib'
npm warn tar TAR_ENTRY_ERROR ENOENT: no such file or directory, lstat 'C:\Users\GCCHackVM\hackthon\PNCAgent\PNCAI\frontend\node_modules\typescript\lib'
npm warn tar TAR_ENTRY_ERROR ENOENT: no such file or directory, lstat 'C:\Users\GCCHackVM\hackthon\PNCAgent\PNCAI\frontend\node_modules\regenerate-unicode-properties\Script'
npm warn tar TAR_ENTRY_ERROR ENOENT: no such file or directory, open 'C:\Users\GCCHackVM\hackthon\PNCAgent\PNCAI\frontend\node_modules\caniuse-lite\data\features\createimagebitmap.js'
npm warn tar TAR_ENTRY_ERROR ENOENT: no such file or directory, lstat 'C:\Users\GCCHackVM\hackthon\PNCAgent\PNCAI\frontend\node_modules\@jsonjoy.com\fs-snapshot\node_modules\@jsonjoy.com\json-pack\lib'
npm warn tar TAR_ENTRY_ERROR ENOENT: no such file or directory, lstat 'C:\Users\GCCHackVM\hackthon\PNCAgent\PNCAI\frontend\node_modules\typescript\lib'
npm warn tar TAR_ENTRY_ERROR ENOENT: no such file or directory, lstat 'C:\Users\GCCHackVM\hackthon\PNCAgent\PNCAI\frontend\node_modules\@angular\common\locales'
npm warn tar TAR_ENTRY_ERROR ENOENT: no such file or directory, lstat 'C:\Users\GCCHackVM\hackthon\PNCAgent\PNCAI\frontend\node_modules\regenerate-unicode-properties\Script_Extensions'
npm warn tar TAR_ENTRY_ERROR ENOENT: no such file or directory, lstat 'C:\Users\GCCHackVM\hackthon\PNCAgent\PNCAI\frontend\node_modules\caniuse-lite\data'
npm warn tar TAR_ENTRY_ERROR ENOENT: no such file or directory, lstat 'C:\Users\GCCHackVM\hackthon\PNCAgent\PNCAI\frontend\node_modules\@jsonjoy.com\fs-snapshot\node_modules\@jsonjoy.com\json-pack\lib'
npm warn tar TAR_ENTRY_ERROR ENOENT: no such file or directory, lstat 'C:\Users\GCCHackVM\hackthon\PNCAgent\PNCAI\frontend\node_modules\typescript\lib'
npm warn tar TAR_ENTRY_ERROR ENOENT: no such file or directory, lstat 'C:\Users\GCCHackVM\hackthon\PNCAgent\PNCAI\frontend\node_modules\@angular\common\locales'
npm warn tar TAR_ENTRY_ERROR ENOENT: no such file or directory, lstat 'C:\Users\GCCHackVM\hackthon\PNCAgent\PNCAI\frontend\node_modules\regenerate-unicode-properties\Script'
npm warn tar TAR_ENTRY_ERROR ENOENT: no such file or directory, lstat 'C:\Users\GCCHackVM\hackthon\PNCAgent\PNCAI\frontend\node_modules\caniuse-lite\data'
npm warn tar TAR_ENTRY_ERROR ENOENT: no such file or directory, lstat 'C:\Users\GCCHackVM\hackthon\PNCAgent\PNCAI\frontend\node_modules\@jsonjoy.com\fs-snapshot\node_modules\@jsonjoy.com\json-pack\lib'
npm warn tar TAR_ENTRY_ERROR ENOENT: no such file or directory, lstat 'C:\Users\GCCHackVM\hackthon\PNCAgent\PNCAI\frontend\node_modules\typescript\lib'
npm warn tar TAR_ENTRY_ERROR ENOENT: no such file or directory, lstat 'C:\Users\GCCHackVM\hackthon\PNCAgent\PNCAI\frontend\node_modules\@angular\common\locales'
npm warn tar TAR_ENTRY_ERROR ENOENT: no such file or directory, lstat 'C:\Users\GCCHackVM\hackthon\PNCAgent\PNCAI\frontend\node_modules\regenerate-unicode-properties\Script_Extensions'
npm warn tar TAR_ENTRY_ERROR ENOENT: no such file or directory, lstat 'C:\Users\GCCHackVM\hackthon\PNCAgent\PNCAI\frontend\node_modules\caniuse-lite\data'
npm warn tar TAR_ENTRY_ERROR ENOENT: no such file or directory, lstat 'C:\Users\GCCHackVM\hackthon\PNCAgent\PNCAI\frontend\node_modules\@modelcontextprotocol\sdk\dist\cjs\server\auth'
npm warn tar TAR_ENTRY_ERROR ENOENT: no such file or directory, lstat 'C:\Users\GCCHackVM\hackthon\PNCAgent\PNCAI\frontend\node_modules\@jsonjoy.com\fs-snapshot\node_modules\@jsonjoy.com\json-pack\lib'
npm warn tar TAR_ENTRY_ERROR ENOENT: no such file or directory, lstat 'C:\Users\GCCHackVM\hackthon\PNCAgent\PNCAI\frontend\node_modules\istanbul-lib-instrument\node_modules\@babel\types\lib\modifications'
npm warn tar TAR_ENTRY_ERROR ENOENT: no such file or directory, lstat 'C:\Users\GCCHackVM\hackthon\PNCAgent\PNCAI\frontend\node_modules\typescript\lib'
npm warn tar TAR_ENTRY_ERROR ENOENT: no such file or directory, lstat 'C:\Users\GCCHackVM\hackthon\PNCAgent\PNCAI\frontend\node_modules\@jsonjoy.com\buffers\lib\utf8'
npm warn tar TAR_ENTRY_ERROR ENOENT: no such file or directory, lstat 'C:\Users\GCCHackVM\hackthon\PNCAgent\PNCAI\frontend\node_modules\@angular\common\locales'
npm warn tar TAR_ENTRY_ERROR ENOENT: no such file or directory, open 'C:\Users\GCCHackVM\hackthon\PNCAgent\PNCAI\frontend\node_modules\zod-to-json-schema\dist\types\parsers\never.d.ts'
npm warn tar TAR_ENTRY_ERROR ENOENT: no such file or directory, open 'C:\Users\GCCHackVM\hackthon\PNCAgent\PNCAI\frontend\node_modules\tsyringe\dist\cjs\decorators\scoped.js'
npm warn tar TAR_ENTRY_ERROR ENOENT: no such file or directory, lstat 'C:\Users\GCCHackVM\hackthon\PNCAgent\PNCAI\frontend\node_modules\@babel\helper-split-export-declaration\node_modules\@babel\types\lib\modifications'
npm warn tar TAR_ENTRY_ERROR ENOENT: no such file or directory, lstat 'C:\Users\GCCHackVM\hackthon\PNCAgent\PNCAI\frontend\node_modules\@angular-devkit\build-angular\src'
npm warn tar TAR_ENTRY_ERROR ENOENT: no such file or directory, lstat 'C:\Users\GCCHackVM\hackthon\PNCAgent\PNCAI\frontend\node_modules\@jsonjoy.com\json-pack\lib\nfs'
npm warn tar TAR_ENTRY_ERROR ENOENT: no such file or directory, lstat 'C:\Users\GCCHackVM\hackthon\PNCAgent\PNCAI\frontend\node_modules\lmdb\dependencies\lz4\lib'
npm warn tar TAR_ENTRY_ERROR ENOENT: no such file or directory, lstat 'C:\Users\GCCHackVM\hackthon\PNCAgent\PNCAI\frontend\node_modules\ajv\lib\refs\json-schema-2019-09'
npm warn tar TAR_ENTRY_ERROR ENOENT: no such file or directory, lstat 'C:\Users\GCCHackVM\hackthon\PNCAgent\PNCAI\frontend\node_modules\istanbul-lib-instrument\node_modules\@babel\helpers\lib'
npm warn tar TAR_ENTRY_ERROR ENOENT: no such file or directory, lstat 'C:\Users\GCCHackVM\hackthon\PNCAgent\PNCAI\frontend\node_modules\hono\dist\cjs'
npm warn tar TAR_ENTRY_ERROR ENOENT: no such file or directory, lstat 'C:\Users\GCCHackVM\hackthon\PNCAgent\PNCAI\frontend\node_modules\regenerate-unicode-properties\Script'
npm warn tar TAR_ENTRY_ERROR ENOENT: no such file or directory, lstat 'C:\Users\GCCHackVM\hackthon\PNCAgent\PNCAI\frontend\node_modules\caniuse-lite\data'
npm warn tar TAR_ENTRY_ERROR ENOENT: no such file or directory, open 'C:\Users\GCCHackVM\hackthon\PNCAgent\PNCAI\frontend\node_modules\istanbul-lib-instrument\node_modules\@babel\core\lib\transformation\util\clone-deep.js.map'
npm warn tar TAR_ENTRY_ERROR ENOENT: no such file or directory, lstat 'C:\Users\GCCHackVM\hackthon\PNCAgent\PNCAI\frontend\node_modules\webpack\lib'
npm warn tar TAR_ENTRY_ERROR ENOENT: no such file or directory, lstat 'C:\Users\GCCHackVM\hackthon\PNCAgent\PNCAI\frontend\node_modules\@babel\runtime\helpers'
npm warn tar TAR_ENTRY_ERROR ENOENT: no such file or directory, lstat 'C:\Users\GCCHackVM\hackthon\PNCAgent\PNCAI\frontend\node_modules\@modelcontextprotocol\sdk\dist'
npm warn tar TAR_ENTRY_ERROR ENOENT: no such file or directory, open 'C:\Users\GCCHackVM\hackthon\PNCAgent\PNCAI\frontend\node_modules\@peculiar\asn1-x509\build\types\extensions\index.d.ts'
npm warn tar TAR_ENTRY_ERROR ENOENT: no such file or directory, lstat 'C:\Users\GCCHackVM\hackthon\PNCAgent\PNCAI\frontend\node_modules\@jsonjoy.com\fs-snapshot\node_modules\@jsonjoy.com\json-pack\lib'
npm warn tar TAR_ENTRY_ERROR ENOENT: no such file or directory, lstat 'C:\Users\GCCHackVM\hackthon\PNCAgent\PNCAI\frontend\node_modules\istanbul-lib-instrument\node_modules\@babel\types\lib'
npm warn tar TAR_ENTRY_ERROR ENOENT: no such file or directory, lstat 'C:\Users\GCCHackVM\hackthon\PNCAgent\PNCAI\frontend\node_modules\typescript\lib'
npm warn tar TAR_ENTRY_ERROR ENOENT: no such file or directory, open 'C:\Users\GCCHackVM\hackthon\PNCAgent\PNCAI\frontend\node_modules\@angular\compiler-cli\src\ngtsc\imports\src\core.d.ts'
npm warn tar TAR_ENTRY_ERROR ENOENT: no such file or directory, open 'C:\Users\GCCHackVM\hackthon\PNCAgent\PNCAI\frontend\node_modules\@jsonjoy.com\util\node_modules\@jsonjoy.com\buffers\lib\utf8\decodeUtf8\v11.d.ts'
npm warn tar TAR_ENTRY_ERROR ENOENT: no such file or directory, lstat 'C:\Users\GCCHackVM\hackthon\PNCAgent\PNCAI\frontend\node_modules\@angular\cli\node_modules\zod\v4'
npm warn tar TAR_ENTRY_ERROR ENOENT: no such file or directory, open 'C:\Users\GCCHackVM\hackthon\PNCAgent\PNCAI\frontend\node_modules\rxjs\dist\cjs\internal\operators\bufferCount.js'
npm warn tar TAR_ENTRY_ERROR ENOENT: no such file or directory, lstat 'C:\Users\GCCHackVM\hackthon\PNCAgent\PNCAI\frontend\node_modules\@angular\cli\src\commands'
npm warn tar TAR_ENTRY_ERROR ENOENT: no such file or directory, lstat 'C:\Users\GCCHackVM\hackthon\PNCAgent\PNCAI\frontend\node_modules\@jsonjoy.com\buffers\lib'
npm warn tar TAR_ENTRY_ERROR ENOENT: no such file or directory, lstat 'C:\Users\GCCHackVM\hackthon\PNCAgent\PNCAI\frontend\node_modules\@jsonjoy.com\util\lib\buffers'
npm warn tar TAR_ENTRY_ERROR ENOENT: no such file or directory, open 'C:\Users\GCCHackVM\hackthon\PNCAgent\PNCAI\frontend\node_modules\@angular-devkit\build-angular\node_modules\@angular\build\src\builders\unit-test\runners\vitest\index.js'
npm warn tar TAR_ENTRY_ERROR ENOENT: no such file or directory, lstat 'C:\Users\GCCHackVM\hackthon\PNCAgent\PNCAI\frontend\node_modules\@jsonjoy.com\json-pack\node_modules\@jsonjoy.com\buffers\lib'
npm warn tar TAR_ENTRY_ERROR ENOENT: no such file or directory, open 'C:\Users\GCCHackVM\hackthon\PNCAgent\PNCAI\frontend\node_modules\@angular\common\locales\az-Arab-TR.js'
npm warn tar TAR_ENTRY_ERROR ENOENT: no such file or directory, lstat 'C:\Users\GCCHackVM\hackthon\PNCAgent\PNCAI\frontend\node_modules\@angular\cdk\schematics\ng-update'
npm warn tar TAR_ENTRY_ERROR ENOENT: no such file or directory, lstat 'C:\Users\GCCHackVM\hackthon\PNCAgent\PNCAI\frontend\node_modules\zod-to-json-schema\dist\types'
npm warn tar TAR_ENTRY_ERROR ENOENT: no such file or directory, lstat 'C:\Users\GCCHackVM\hackthon\PNCAgent\PNCAI\frontend\node_modules\@schematics\angular\refactor\jasmine-vitest'
npm warn tar TAR_ENTRY_ERROR ENOENT: no such file or directory, lstat 'C:\Users\GCCHackVM\hackthon\PNCAgent\PNCAI\frontend\node_modules\tsyringe\dist\esm2015'
npm warn tar TAR_ENTRY_ERROR ENOENT: no such file or directory, lstat 'C:\Users\GCCHackVM\hackthon\PNCAgent\PNCAI\frontend\node_modules\@babel\helper-split-export-declaration\node_modules\@babel\types\lib\modifications'
npm warn tar TAR_ENTRY_ERROR ENOENT: no such file or directory, open 'C:\Users\GCCHackVM\hackthon\PNCAgent\PNCAI\frontend\node_modules\@angular-devkit\build-angular\src\transforms.js'
npm warn tar TAR_ENTRY_ERROR ENOENT: no such file or directory, lstat 'C:\Users\GCCHackVM\hackthon\PNCAgent\PNCAI\frontend\node_modules\@jsonjoy.com\util\node_modules\@jsonjoy.com\buffers\lib'
npm warn tar TAR_ENTRY_ERROR ENOENT: no such file or directory, lstat 'C:\Users\GCCHackVM\hackthon\PNCAgent\PNCAI\frontend\node_modules\@jsonjoy.com\json-pack\lib\nfs'
npm warn tar TAR_ENTRY_ERROR ENOENT: no such file or directory, lstat 'C:\Users\GCCHackVM\hackthon\PNCAgent\PNCAI\frontend\node_modules\lmdb\dependencies\lmdb-data-v1'
npm warn tar TAR_ENTRY_ERROR ENOENT: no such file or directory, lstat 'C:\Users\GCCHackVM\hackthon\PNCAgent\PNCAI\frontend\node_modules\ajv\lib\refs'
npm warn tar TAR_ENTRY_ERROR ENOENT: no such file or directory, lstat 'C:\Users\GCCHackVM\hackthon\PNCAgent\PNCAI\frontend\node_modules\istanbul-lib-instrument\node_modules\@babel\helpers\lib\helpers'
npm warn tar TAR_ENTRY_ERROR ENOENT: no such file or directory, lstat 'C:\Users\GCCHackVM\hackthon\PNCAgent\PNCAI\frontend\node_modules\hono\dist\utils'
npm warn tar TAR_ENTRY_ERROR ENOENT: no such file or directory, lstat 'C:\Users\GCCHackVM\hackthon\PNCAgent\PNCAI\frontend\node_modules\@jsonjoy.com\json-pack\node_modules\@jsonjoy.com\buffers\lib'
npm warn tar TAR_ENTRY_ERROR ENOENT: no such file or directory, lstat 'C:\Users\GCCHackVM\hackthon\PNCAgent\PNCAI\frontend\node_modules\@jsonjoy.com\util\node_modules\@jsonjoy.com\buffers\lib'
npm warn tar TAR_ENTRY_ERROR ENOENT: no such file or directory, lstat 'C:\Users\GCCHackVM\hackthon\PNCAgent\PNCAI\frontend\node_modules\@jsonjoy.com\json-pack\node_modules\@jsonjoy.com\buffers\lib'
npm warn tar TAR_ENTRY_ERROR ENOENT: no such file or directory, lstat 'C:\Users\GCCHackVM\hackthon\PNCAgent\PNCAI\frontend\node_modules\@jsonjoy.com\util\node_modules\@jsonjoy.com\buffers\lib'
npm warn tar TAR_ENTRY_ERROR ENOENT: no such file or directory, lstat 'C:\Users\GCCHackVM\hackthon\PNCAgent\PNCAI\frontend\node_modules\@jsonjoy.com\json-pack\node_modules\@jsonjoy.com\buffers\lib'
npm warn tar TAR_ENTRY_ERROR ENOENT: no such file or directory, lstat 'C:\Users\GCCHackVM\hackthon\PNCAgent\PNCAI\frontend\node_modules\@jsonjoy.com\util\node_modules\@jsonjoy.com\buffers\lib'
npm warn tar TAR_ENTRY_ERROR ENOENT: no such file or directory, lstat 'C:\Users\GCCHackVM\hackthon\PNCAgent\PNCAI\frontend\node_modules\@jsonjoy.com\json-pack\node_modules\@jsonjoy.com\buffers\lib'
npm warn tar TAR_ENTRY_ERROR ENOENT: no such file or directory, lstat 'C:\Users\GCCHackVM\hackthon\PNCAgent\PNCAI\frontend\node_modules\@jsonjoy.com\util\node_modules\@jsonjoy.com\buffers\lib'
npm warn tar TAR_ENTRY_ERROR ENOENT: no such file or directory, lstat 'C:\Users\GCCHackVM\hackthon\PNCAgent\PNCAI\frontend\node_modules\@jsonjoy.com\json-pack\node_modules\@jsonjoy.com\buffers\lib'
npm warn tar TAR_ENTRY_ERROR ENOENT: no such file or directory, lstat 'C:\Users\GCCHackVM\hackthon\PNCAgent\PNCAI\frontend\node_modules\@jsonjoy.com\util\node_modules\@jsonjoy.com\buffers\lib'
npm warn tar TAR_ENTRY_ERROR ENOENT: no such file or directory, lstat 'C:\Users\GCCHackVM\hackthon\PNCAgent\PNCAI\frontend\node_modules\@jsonjoy.com\json-pack\node_modules\@jsonjoy.com\buffers\lib'
npm warn tar TAR_ENTRY_ERROR ENOENT: no such file or directory, lstat 'C:\Users\GCCHackVM\hackthon\PNCAgent\PNCAI\frontend\node_modules\@jsonjoy.com\util\node_modules\@jsonjoy.com\buffers\lib'
npm warn tar TAR_ENTRY_ERROR ENOENT: no such file or directory, lstat 'C:\Users\GCCHackVM\hackthon\PNCAgent\PNCAI\frontend\node_modules\@jsonjoy.com\json-pack\node_modules\@jsonjoy.com\buffers\lib'
npm warn tar TAR_ENTRY_ERROR ENOENT: no such file or directory, lstat 'C:\Users\GCCHackVM\hackthon\PNCAgent\PNCAI\frontend\node_modules\@jsonjoy.com\util\node_modules\@jsonjoy.com\buffers\lib'
npm warn tar TAR_ENTRY_ERROR ENOENT: no such file or directory, lstat 'C:\Users\GCCHackVM\hackthon\PNCAgent\PNCAI\frontend\node_modules\@jsonjoy.com\json-pack\node_modules\@jsonjoy.com\buffers\lib'
npm warn tar TAR_ENTRY_ERROR ENOENT: no such file or directory, lstat 'C:\Users\GCCHackVM\hackthon\PNCAgent\PNCAI\frontend\node_modules\@jsonjoy.com\util\node_modules\@jsonjoy.com\buffers\lib'
npm warn tar TAR_ENTRY_ERROR ENOENT: no such file or directory, lstat 'C:\Users\GCCHackVM\hackthon\PNCAgent\PNCAI\frontend\node_modules\@jsonjoy.com\json-pack\node_modules\@jsonjoy.com\buffers\lib'
npm warn tar TAR_ENTRY_ERROR ENOENT: no such file or directory, lstat 'C:\Users\GCCHackVM\hackthon\PNCAgent\PNCAI\frontend\node_modules\@jsonjoy.com\util\node_modules\@jsonjoy.com\buffers\lib'
npm warn tar TAR_ENTRY_ERROR ENOENT: no such file or directory, lstat 'C:\Users\GCCHackVM\hackthon\PNCAgent\PNCAI\frontend\node_modules\@jsonjoy.com\json-pack\node_modules\@jsonjoy.com\buffers\lib'
npm warn tar TAR_ENTRY_ERROR ENOENT: no such file or directory, lstat 'C:\Users\GCCHackVM\hackthon\PNCAgent\PNCAI\frontend\node_modules\@jsonjoy.com\util\node_modules\@jsonjoy.com\buffers\lib'
npm warn tar TAR_ENTRY_ERROR ENOENT: no such file or directory, lstat 'C:\Users\GCCHackVM\hackthon\PNCAgent\PNCAI\frontend\node_modules\@jsonjoy.com\json-pack\node_modules\@jsonjoy.com\buffers\lib'
npm warn tar TAR_ENTRY_ERROR ENOENT: no such file or directory, lstat 'C:\Users\GCCHackVM\hackthon\PNCAgent\PNCAI\frontend\node_modules\@jsonjoy.com\util\node_modules\@jsonjoy.com\buffers\lib'
npm warn tar TAR_ENTRY_ERROR ENOENT: no such file or directory, lstat 'C:\Users\GCCHackVM\hackthon\PNCAgent\PNCAI\frontend\node_modules\@jsonjoy.com\json-pack\node_modules\@jsonjoy.com\buffers\lib'
npm warn tar TAR_ENTRY_ERROR ENOENT: no such file or directory, lstat 'C:\Users\GCCHackVM\hackthon\PNCAgent\PNCAI\frontend\node_modules\@jsonjoy.com\util\node_modules\@jsonjoy.com\buffers\lib'
npm warn tar TAR_ENTRY_ERROR ENOENT: no such file or directory, lstat 'C:\Users\GCCHackVM\hackthon\PNCAgent\PNCAI\frontend\node_modules\@jsonjoy.com\json-pack\node_modules\@jsonjoy.com\buffers\lib'
npm warn tar TAR_ENTRY_ERROR ENOENT: no such file or directory, lstat 'C:\Users\GCCHackVM\hackthon\PNCAgent\PNCAI\frontend\node_modules\@jsonjoy.com\util\node_modules\@jsonjoy.com\buffers\lib'
npm warn tar TAR_ENTRY_ERROR ENOENT: no such file or directory, lstat 'C:\Users\GCCHackVM\hackthon\PNCAgent\PNCAI\frontend\node_modules\@jsonjoy.com\json-pack\node_modules\@jsonjoy.com\buffers\lib'
npm warn tar TAR_ENTRY_ERROR ENOENT: no such file or directory, lstat 'C:\Users\GCCHackVM\hackthon\PNCAgent\PNCAI\frontend\node_modules\@jsonjoy.com\util\node_modules\@jsonjoy.com\buffers\lib'
npm warn tar TAR_ENTRY_ERROR ENOENT: no such file or directory, lstat 'C:\Users\GCCHackVM\hackthon\PNCAgent\PNCAI\frontend\node_modules\@jsonjoy.com\json-pack\node_modules\@jsonjoy.com\buffers\lib'
npm warn tar TAR_ENTRY_ERROR ENOENT: no such file or directory, lstat 'C:\Users\GCCHackVM\hackthon\PNCAgent\PNCAI\frontend\node_modules\@jsonjoy.com\util\node_modules\@jsonjoy.com\buffers\lib'
npm warn tar TAR_ENTRY_ERROR ENOENT: no such file or directory, lstat 'C:\Users\GCCHackVM\hackthon\PNCAgent\PNCAI\frontend\node_modules\@jsonjoy.com\json-pack\node_modules\@jsonjoy.com\buffers\lib'
npm warn tar TAR_ENTRY_ERROR ENOENT: no such file or directory, lstat 'C:\Users\GCCHackVM\hackthon\PNCAgent\PNCAI\frontend\node_modules\@jsonjoy.com\util\node_modules\@jsonjoy.com\buffers\lib'
npm warn tar TAR_ENTRY_ERROR ENOENT: no such file or directory, lstat 'C:\Users\GCCHackVM\hackthon\PNCAgent\PNCAI\frontend\node_modules\@jsonjoy.com\json-pack\node_modules\@jsonjoy.com\buffers\lib'
npm warn tar TAR_ENTRY_ERROR ENOENT: no such file or directory, lstat 'C:\Users\GCCHackVM\hackthon\PNCAgent\PNCAI\frontend\node_modules\@angular\compiler-cli\linker\src\file_linker'
npm warn tar TAR_ENTRY_ERROR ENOENT: no such file or directory, open 'C:\Users\GCCHackVM\hackthon\PNCAgent\PNCAI\frontend\node_modules\hono\dist\adapter\aws-lambda\types.js'
npm warn deprecated @angular-devkit/build-angular@22.1.8: Angular's Webpack support is deprecated. Use the esbuild and Vite-based "@angular/build" package instead.
npm warn tar TAR_ENTRY_ERROR ENOENT: no such file or directory, lstat 'C:\Users\GCCHackVM\hackthon\PNCAgent\PNCAI\frontend\node_modules\@angular\cli\node_modules\zod\src'
npm warn tar TAR_ENTRY_ERROR ENOENT: no such file or directory, lstat 'C:\Users\GCCHackVM\hackthon\PNCAgent\PNCAI\frontend\node_modules\webpack\lib\logging'
npm warn tar TAR_ENTRY_ERROR ENOENT: no such file or directory, open 'C:\Users\GCCHackVM\hackthon\PNCAgent\PNCAI\frontend\node_modules\hono\dist\types\jsx\dom\render.d.ts'
npm warn tar TAR_ENTRY_ERROR ENOENT: no such file or directory, lstat 'C:\Users\GCCHackVM\hackthon\PNCAgent\PNCAI\frontend\node_modules\hono\dist'
npm warn tar TAR_ENTRY_ERROR ENOENT: no such file or directory, lstat 'C:\Users\GCCHackVM\hackthon\PNCAgent\PNCAI\frontend\node_modules\hono\dist'
npm warn tar TAR_ENTRY_ERROR ENOENT: no such file or directory, lstat 'C:\Users\GCCHackVM\hackthon\PNCAgent\PNCAI\frontend\node_modules\hono\dist'
npm warn tar TAR_ENTRY_ERROR ENOENT: no such file or directory, lstat 'C:\Users\GCCHackVM\hackthon\PNCAgent\PNCAI\frontend\node_modules\hono\dist'
npm warn tar TAR_ENTRY_ERROR ENOENT: no such file or directory, open 'C:\Users\GCCHackVM\hackthon\PNCAgent\PNCAI\frontend\node_modules\@angular\common\locales\extra\en-SG.js'
npm warn tar TAR_ENTRY_ERROR ENOENT: no such file or directory, lstat 'C:\Users\GCCHackVM\hackthon\PNCAgent\PNCAI\frontend\node_modules\hono\dist'
npm warn tar TAR_ENTRY_ERROR ENOENT: no such file or directory, lstat 'C:\Users\GCCHackVM\hackthon\PNCAgent\PNCAI\frontend\node_modules\@angular\common\locales'
npm warn tar TAR_ENTRY_ERROR ENOENT: no such file or directory, lstat 'C:\Users\GCCHackVM\hackthon\PNCAgent\PNCAI\frontend\node_modules\hono\dist'
npm warn tar TAR_ENTRY_ERROR ENOENT: no such file or directory, lstat 'C:\Users\GCCHackVM\hackthon\PNCAgent\PNCAI\frontend\node_modules\@angular\common\locales'
npm warn tar TAR_ENTRY_ERROR ENOENT: no such file or directory, lstat 'C:\Users\GCCHackVM\hackthon\PNCAgent\PNCAI\frontend\node_modules\caniuse-lite\data\features'
npm warn tar TAR_ENTRY_ERROR ENOENT: no such file or directory, lstat 'C:\Users\GCCHackVM\hackthon\PNCAgent\PNCAI\frontend\node_modules\hono\dist'
npm warn tar TAR_ENTRY_ERROR ENOENT: no such file or directory, lstat 'C:\Users\GCCHackVM\hackthon\PNCAgent\PNCAI\frontend\node_modules\@angular\common\locales'
npm warn tar TAR_ENTRY_ERROR ENOENT: no such file or directory, lstat 'C:\Users\GCCHackVM\hackthon\PNCAgent\PNCAI\frontend\node_modules\rxjs\dist'
npm warn tar TAR_ENTRY_ERROR ENOENT: no such file or directory, lstat 'C:\Users\GCCHackVM\hackthon\PNCAgent\PNCAI\frontend\node_modules\caniuse-lite\data'
npm warn tar TAR_ENTRY_ERROR ENOENT: no such file or directory, lstat 'C:\Users\GCCHackVM\hackthon\PNCAgent\PNCAI\frontend\node_modules\webpack\lib'
npm warn tar TAR_ENTRY_ERROR ENOENT: no such file or directory, lstat 'C:\Users\GCCHackVM\hackthon\PNCAgent\PNCAI\frontend\node_modules\hono\dist'
npm warn tar TAR_ENTRY_ERROR ENOENT: no such file or directory, lstat 'C:\Users\GCCHackVM\hackthon\PNCAgent\PNCAI\frontend\node_modules\@angular\cli\node_modules\zod\src'
npm warn tar TAR_ENTRY_ERROR ENOENT: no such file or directory, lstat 'C:\Users\GCCHackVM\hackthon\PNCAgent\PNCAI\frontend\node_modules\@angular\common\locales\global'
npm warn tar TAR_ENTRY_ERROR ENOENT: no such file or directory, lstat 'C:\Users\GCCHackVM\hackthon\PNCAgent\PNCAI\frontend\node_modules\@angular\cli\node_modules\zod\src'
npm warn tar TAR_ENTRY_ERROR ENOENT: no such file or directory, lstat 'C:\Users\GCCHackVM\hackthon\PNCAgent\PNCAI\frontend\node_modules\@angular\cli\node_modules\zod\v3'
npm warn tar TAR_ENTRY_ERROR ENOENT: no such file or directory, lstat 'C:\Users\GCCHackVM\hackthon\PNCAgent\PNCAI\frontend\node_modules\@angular\cli\node_modules\zod\src'
npm warn tar TAR_ENTRY_ERROR ENOENT: no such file or directory, lstat 'C:\Users\GCCHackVM\hackthon\PNCAgent\PNCAI\frontend\node_modules\@angular\cli\node_modules\zod\src'
npm warn tar TAR_ENTRY_ERROR ENOENT: no such file or directory, lstat 'C:\Users\GCCHackVM\hackthon\PNCAgent\PNCAI\frontend\node_modules\@angular\cli\node_modules\zod\src'
npm warn tar TAR_ENTRY_ERROR ENOENT: no such file or directory, lstat 'C:\Users\GCCHackVM\hackthon\PNCAgent\PNCAI\frontend\node_modules\@angular\cli\node_modules\zod\src'
npm warn tar TAR_ENTRY_ERROR ENOENT: no such file or directory, lstat 'C:\Users\GCCHackVM\hackthon\PNCAgent\PNCAI\frontend\node_modules\@angular\cli\node_modules\zod\v3'
npm warn tar TAR_ENTRY_ERROR ENOENT: no such file or directory, lstat 'C:\Users\GCCHackVM\hackthon\PNCAgent\PNCAI\frontend\node_modules\@angular\cli\node_modules\zod\src'
npm warn tar TAR_ENTRY_ERROR ENOENT: no such file or directory, lstat 'C:\Users\GCCHackVM\hackthon\PNCAgent\PNCAI\frontend\node_modules\@angular\cli\node_modules\zod\src'
npm warn tar TAR_ENTRY_ERROR ENOENT: no such file or directory, lstat 'C:\Users\GCCHackVM\hackthon\PNCAgent\PNCAI\frontend\node_modules\@angular\cli\node_modules\zod\src'
npm warn tar TAR_ENTRY_ERROR ENOENT: no such file or directory, lstat 'C:\Users\GCCHackVM\hackthon\PNCAgent\PNCAI\frontend\node_modules\@angular\cli\node_modules\zod\src'
npm warn tar TAR_ENTRY_ERROR ENOENT: no such file or directory, lstat 'C:\Users\GCCHackVM\hackthon\PNCAgent\PNCAI\frontend\node_modules\@angular\cli\node_modules\zod\src'
npm warn tar TAR_ENTRY_ERROR ENOENT: no such file or directory, lstat 'C:\Users\GCCHackVM\hackthon\PNCAgent\PNCAI\frontend\node_modules\@angular\cli\node_modules\zod\v4'
npm warn tar TAR_ENTRY_ERROR ENOENT: no such file or directory, lstat 'C:\Users\GCCHackVM\hackthon\PNCAgent\PNCAI\frontend\node_modules\@angular\cli\node_modules\zod\src'
npm warn tar TAR_ENTRY_ERROR ENOENT: no such file or directory, lstat 'C:\Users\GCCHackVM\hackthon\PNCAgent\PNCAI\frontend\node_modules\@angular\cli\node_modules\zod\src'
npm warn tar TAR_ENTRY_ERROR ENOENT: no such file or directory, lstat 'C:\Users\GCCHackVM\hackthon\PNCAgent\PNCAI\frontend\node_modules\@angular\cli\node_modules\zod\src'
npm warn tar TAR_ENTRY_ERROR ENOENT: no such file or directory, lstat 'C:\Users\GCCHackVM\hackthon\PNCAgent\PNCAI\frontend\node_modules\@angular\cli\node_modules\zod\src'
npm warn tar TAR_ENTRY_ERROR ENOENT: no such file or directory, lstat 'C:\Users\GCCHackVM\hackthon\PNCAgent\PNCAI\frontend\node_modules\@angular\cli\node_modules\zod\src'
npm warn tar TAR_ENTRY_ERROR ENOENT: no such file or directory, lstat 'C:\Users\GCCHackVM\hackthon\PNCAgent\PNCAI\frontend\node_modules\@angular\cli\node_modules\zod\src'
npm warn tar TAR_ENTRY_ERROR ENOENT: no such file or directory, lstat 'C:\Users\GCCHackVM\hackthon\PNCAgent\PNCAI\frontend\node_modules\@angular\cli\node_modules\zod\src'
npm warn tar TAR_ENTRY_ERROR ENOENT: no such file or directory, lstat 'C:\Users\GCCHackVM\hackthon\PNCAgent\PNCAI\frontend\node_modules\@angular\cli\node_modules\zod\src'
npm warn tar TAR_ENTRY_ERROR ENOENT: no such file or directory, lstat 'C:\Users\GCCHackVM\hackthon\PNCAgent\PNCAI\frontend\node_modules\@angular\cli\node_modules\zod\src'
npm warn tar TAR_ENTRY_ERROR ENOENT: no such file or directory, lstat 'C:\Users\GCCHackVM\hackthon\PNCAgent\PNCAI\frontend\node_modules\@angular\cli\node_modules\zod\src'
npm warn tar TAR_ENTRY_ERROR ENOENT: no such file or directory, lstat 'C:\Users\GCCHackVM\hackthon\PNCAgent\PNCAI\frontend\node_modules\@angular\cli\node_modules\zod\src'
npm warn tar TAR_ENTRY_ERROR ENOENT: no such file or directory, lstat 'C:\Users\GCCHackVM\hackthon\PNCAgent\PNCAI\frontend\node_modules\@angular\cli\node_modules\zod\src'
npm warn tar TAR_ENTRY_ERROR ENOENT: no such file or directory, lstat 'C:\Users\GCCHackVM\hackthon\PNCAgent\PNCAI\frontend\node_modules\@angular\cli\node_modules\zod\v4'
npm warn tar TAR_ENTRY_ERROR ENOENT: no such file or directory, lstat 'C:\Users\GCCHackVM\hackthon\PNCAgent\PNCAI\frontend\node_modules\@angular\cli\node_modules\zod\src'
npm warn tar TAR_ENTRY_ERROR ENOENT: no such file or directory, lstat 'C:\Users\GCCHackVM\hackthon\PNCAgent\PNCAI\frontend\node_modules\@angular\cli\node_modules\zod\v4'
npm warn tar TAR_ENTRY_ERROR ENOENT: no such file or directory, lstat 'C:\Users\GCCHackVM\hackthon\PNCAgent\PNCAI\frontend\node_modules\@angular\cli\node_modules\zod\src'
npm warn tar TAR_ENTRY_ERROR ENOENT: no such file or directory, lstat 'C:\Users\GCCHackVM\hackthon\PNCAgent\PNCAI\frontend\node_modules\@angular\cli\node_modules\zod\src'
npm warn tar TAR_ENTRY_ERROR ENOENT: no such file or directory, lstat 'C:\Users\GCCHackVM\hackthon\PNCAgent\PNCAI\frontend\node_modules\@angular\cli\node_modules\zod\src'
npm warn tar TAR_ENTRY_ERROR ENOENT: no such file or directory, lstat 'C:\Users\GCCHackVM\hackthon\PNCAgent\PNCAI\frontend\node_modules\@angular\cli\node_modules\zod\src'
npm warn tar TAR_ENTRY_ERROR ENOENT: no such file or directory, lstat 'C:\Users\GCCHackVM\hackthon\PNCAgent\PNCAI\frontend\node_modules\@angular\cli\node_modules\zod\src'
npm warn tar TAR_ENTRY_ERROR ENOENT: no such file or directory, lstat 'C:\Users\GCCHackVM\hackthon\PNCAgent\PNCAI\frontend\node_modules\@angular\cli\node_modules\zod\src'
npm warn tar TAR_ENTRY_ERROR ENOENT: no such file or directory, lstat 'C:\Users\GCCHackVM\hackthon\PNCAgent\PNCAI\frontend\node_modules\@angular\cli\node_modules\zod\src'
npm warn tar TAR_ENTRY_ERROR ENOENT: no such file or directory, lstat 'C:\Users\GCCHackVM\hackthon\PNCAgent\PNCAI\frontend\node_modules\@angular\cli\node_modules\zod\src'
npm warn tar TAR_ENTRY_ERROR ENOENT: no such file or directory, lstat 'C:\Users\GCCHackVM\hackthon\PNCAgent\PNCAI\frontend\node_modules\@angular\cli\node_modules\zod\src'
npm warn tar TAR_ENTRY_ERROR ENOENT: no such file or directory, lstat 'C:\Users\GCCHackVM\hackthon\PNCAgent\PNCAI\frontend\node_modules\@angular\cli\node_modules\zod\src'
npm warn tar TAR_ENTRY_ERROR ENOENT: no such file or directory, lstat 'C:\Users\GCCHackVM\hackthon\PNCAgent\PNCAI\frontend\node_modules\@angular\cli\node_modules\zod\src'
npm warn tar TAR_ENTRY_ERROR ENOENT: no such file or directory, lstat 'C:\Users\GCCHackVM\hackthon\PNCAgent\PNCAI\frontend\node_modules\@angular\cli\node_modules\zod\src'
npm warn tar TAR_ENTRY_ERROR ENOENT: no such file or directory, lstat 'C:\Users\GCCHackVM\hackthon\PNCAgent\PNCAI\frontend\node_modules\@angular\cli\node_modules\zod\src'
npm warn tar TAR_ENTRY_ERROR ENOENT: no such file or directory, lstat 'C:\Users\GCCHackVM\hackthon\PNCAgent\PNCAI\frontend\node_modules\@angular\cli\node_modules\zod\v4'
npm warn tar TAR_ENTRY_ERROR ENOENT: no such file or directory, lstat 'C:\Users\GCCHackVM\hackthon\PNCAgent\PNCAI\frontend\node_modules\@angular\cli\node_modules\zod\src'
npm warn tar TAR_ENTRY_ERROR ENOENT: no such file or directory, lstat 'C:\Users\GCCHackVM\hackthon\PNCAgent\PNCAI\frontend\node_modules\@angular\cli\node_modules\zod\v4'
npm warn tar TAR_ENTRY_ERROR ENOENT: no such file or directory, lstat 'C:\Users\GCCHackVM\hackthon\PNCAgent\PNCAI\frontend\node_modules\@angular\cli\node_modules\zod\src'
npm warn tar TAR_ENTRY_ERROR ENOENT: no such file or directory, lstat 'C:\Users\GCCHackVM\hackthon\PNCAgent\PNCAI\frontend\node_modules\@angular\cli\node_modules\zod\src'
npm warn tar TAR_ENTRY_ERROR ENOENT: no such file or directory, lstat 'C:\Users\GCCHackVM\hackthon\PNCAgent\PNCAI\frontend\node_modules\@angular\cli\node_modules\zod\v4'
npm warn tar TAR_ENTRY_ERROR ENOENT: no such file or directory, lstat 'C:\Users\GCCHackVM\hackthon\PNCAgent\PNCAI\frontend\node_modules\@angular\cli\node_modules\zod\src'
npm warn tar TAR_ENTRY_ERROR ENOENT: no such file or directory, lstat 'C:\Users\GCCHackVM\hackthon\PNCAgent\PNCAI\frontend\node_modules\@angular\cli\node_modules\zod\v4'
npm warn tar TAR_ENTRY_ERROR ENOENT: no such file or directory, lstat 'C:\Users\GCCHackVM\hackthon\PNCAgent\PNCAI\frontend\node_modules\@angular\cli\node_modules\zod\src'
npm warn tar TAR_ENTRY_ERROR ENOENT: no such file or directory, lstat 'C:\Users\GCCHackVM\hackthon\PNCAgent\PNCAI\frontend\node_modules\@angular\cli\node_modules\zod\src'
npm warn tar TAR_ENTRY_ERROR ENOENT: no such file or directory, lstat 'C:\Users\GCCHackVM\hackthon\PNCAgent\PNCAI\frontend\node_modules\@angular\cli\node_modules\zod\src'
npm warn tar TAR_ENTRY_ERROR ENOENT: no such file or directory, lstat 'C:\Users\GCCHackVM\hackthon\PNCAgent\PNCAI\frontend\node_modules\@angular\cli\node_modules\zod\v4'
npm warn tar TAR_ENTRY_ERROR ENOENT: no such file or directory, lstat 'C:\Users\GCCHackVM\hackthon\PNCAgent\PNCAI\frontend\node_modules\@angular\cli\node_modules\zod\v4'
npm warn tar TAR_ENTRY_ERROR ENOENT: no such file or directory, lstat 'C:\Users\GCCHackVM\hackthon\PNCAgent\PNCAI\frontend\node_modules\@angular\cli\node_modules\zod\v4'
npm warn tar TAR_ENTRY_ERROR ENOENT: no such file or directory, lstat 'C:\Users\GCCHackVM\hackthon\PNCAgent\PNCAI\frontend\node_modules\@angular\cli\node_modules\zod\src'
npm warn tar TAR_ENTRY_ERROR ENOENT: no such file or directory, lstat 'C:\Users\GCCHackVM\hackthon\PNCAgent\PNCAI\frontend\node_modules\@angular\cli\node_modules\zod\src'
npm warn tar TAR_ENTRY_ERROR ENOENT: no such file or directory, lstat 'C:\Users\GCCHackVM\hackthon\PNCAgent\PNCAI\frontend\node_modules\@angular\cli\node_modules\zod\src'
npm warn tar TAR_ENTRY_ERROR ENOENT: no such file or directory, lstat 'C:\Users\GCCHackVM\hackthon\PNCAgent\PNCAI\frontend\node_modules\@angular\cli\node_modules\zod\src'
npm warn tar TAR_ENTRY_ERROR ENOENT: no such file or directory, lstat 'C:\Users\GCCHackVM\hackthon\PNCAgent\PNCAI\frontend\node_modules\@angular\cli\node_modules\zod\src'
npm warn tar TAR_ENTRY_ERROR ENOENT: no such file or directory, lstat 'C:\Users\GCCHackVM\hackthon\PNCAgent\PNCAI\frontend\node_modules\@angular\cli\node_modules\zod\v4'
npm warn tar TAR_ENTRY_ERROR ENOENT: no such file or directory, lstat 'C:\Users\GCCHackVM\hackthon\PNCAgent\PNCAI\frontend\node_modules\@angular\cli\node_modules\zod\src'
npm warn tar TAR_ENTRY_ERROR ENOENT: no such file or directory, lstat 'C:\Users\GCCHackVM\hackthon\PNCAgent\PNCAI\frontend\node_modules\@angular\cli\node_modules\zod\v3'
npm warn tar TAR_ENTRY_ERROR ENOENT: no such file or directory, lstat 'C:\Users\GCCHackVM\hackthon\PNCAgent\PNCAI\frontend\node_modules\@angular\cli\node_modules\zod\v4'
npm warn tar TAR_ENTRY_ERROR ENOENT: no such file or directory, lstat 'C:\Users\GCCHackVM\hackthon\PNCAgent\PNCAI\frontend\node_modules\@angular\cli\node_modules\zod\src'
npm warn tar TAR_ENTRY_ERROR ENOENT: no such file or directory, lstat 'C:\Users\GCCHackVM\hackthon\PNCAgent\PNCAI\frontend\node_modules\@angular\cli\node_modules\zod\src'
npm warn tar TAR_ENTRY_ERROR ENOENT: no such file or directory, lstat 'C:\Users\GCCHackVM\hackthon\PNCAgent\PNCAI\frontend\node_modules\@angular\cli\node_modules\zod\src'
npm warn tar TAR_ENTRY_ERROR ENOENT: no such file or directory, lstat 'C:\Users\GCCHackVM\hackthon\PNCAgent\PNCAI\frontend\node_modules\@angular\cli\node_modules\zod\src'
npm warn tar TAR_ENTRY_ERROR ENOENT: no such file or directory, lstat 'C:\Users\GCCHackVM\hackthon\PNCAgent\PNCAI\frontend\node_modules\@angular\cli\node_modules\zod\src'
npm warn tar TAR_ENTRY_ERROR ENOENT: no such file or directory, lstat 'C:\Users\GCCHackVM\hackthon\PNCAgent\PNCAI\frontend\node_modules\@angular\cli\node_modules\zod\src'
npm warn tar TAR_ENTRY_ERROR ENOENT: no such file or directory, lstat 'C:\Users\GCCHackVM\hackthon\PNCAgent\PNCAI\frontend\node_modules\@angular\cli\node_modules\zod\src'
npm warn tar TAR_ENTRY_ERROR ENOENT: no such file or directory, lstat 'C:\Users\GCCHackVM\hackthon\PNCAgent\PNCAI\frontend\node_modules\@angular\cli\node_modules\zod\src'
npm warn tar TAR_ENTRY_ERROR ENOENT: no such file or directory, lstat 'C:\Users\GCCHackVM\hackthon\PNCAgent\PNCAI\frontend\node_modules\@angular\cli\node_modules\zod\src'
npm warn tar TAR_ENTRY_ERROR ENOENT: no such file or directory, lstat 'C:\Users\GCCHackVM\hackthon\PNCAgent\PNCAI\frontend\node_modules\@angular\cli\node_modules\zod\src'
npm warn tar TAR_ENTRY_ERROR ENOENT: no such file or directory, lstat 'C:\Users\GCCHackVM\hackthon\PNCAgent\PNCAI\frontend\node_modules\@angular\cli\node_modules\zod\src'
npm warn tar TAR_ENTRY_ERROR ENOENT: no such file or directory, lstat 'C:\Users\GCCHackVM\hackthon\PNCAgent\PNCAI\frontend\node_modules\@angular\cli\node_modules\zod\v4'
npm warn tar TAR_ENTRY_ERROR ENOENT: no such file or directory, lstat 'C:\Users\GCCHackVM\hackthon\PNCAgent\PNCAI\frontend\node_modules\@angular\cli\node_modules\zod\src'
npm warn tar TAR_ENTRY_ERROR ENOENT: no such file or directory, lstat 'C:\Users\GCCHackVM\hackthon\PNCAgent\PNCAI\frontend\node_modules\@angular\cli\node_modules\zod\v4'
npm warn tar TAR_ENTRY_ERROR ENOENT: no such file or directory, lstat 'C:\Users\GCCHackVM\hackthon\PNCAgent\PNCAI\frontend\node_modules\@angular\cli\node_modules\zod\src'
npm warn tar TAR_ENTRY_ERROR ENOENT: no such file or directory, lstat 'C:\Users\GCCHackVM\hackthon\PNCAgent\PNCAI\frontend\node_modules\@angular\cli\node_modules\zod\src'
npm warn tar TAR_ENTRY_ERROR ENOENT: no such file or directory, lstat 'C:\Users\GCCHackVM\hackthon\PNCAgent\PNCAI\frontend\node_modules\@angular\cli\node_modules\zod\v4'
npm warn tar TAR_ENTRY_ERROR ENOENT: no such file or directory, lstat 'C:\Users\GCCHackVM\hackthon\PNCAgent\PNCAI\frontend\node_modules\@angular\cli\node_modules\zod\src'
npm warn tar TAR_ENTRY_ERROR ENOENT: no such file or directory, lstat 'C:\Users\GCCHackVM\hackthon\PNCAgent\PNCAI\frontend\node_modules\@angular\cli\node_modules\zod\src'
npm warn tar TAR_ENTRY_ERROR ENOENT: no such file or directory, lstat 'C:\Users\GCCHackVM\hackthon\PNCAgent\PNCAI\frontend\node_modules\@angular\cli\node_modules\zod\v4'
npm warn tar TAR_ENTRY_ERROR ENOENT: no such file or directory, lstat 'C:\Users\GCCHackVM\hackthon\PNCAgent\PNCAI\frontend\node_modules\@angular\cli\node_modules\zod\src'
npm warn tar TAR_ENTRY_ERROR ENOENT: no such file or directory, lstat 'C:\Users\GCCHackVM\hackthon\PNCAgent\PNCAI\frontend\node_modules\@angular\cli\node_modules\zod\src'
npm warn tar TAR_ENTRY_ERROR ENOENT: no such file or directory, lstat 'C:\Users\GCCHackVM\hackthon\PNCAgent\PNCAI\frontend\node_modules\@angular\cli\node_modules\zod\v4'
npm warn tar TAR_ENTRY_ERROR ENOENT: no such file or directory, lstat 'C:\Users\GCCHackVM\hackthon\PNCAgent\PNCAI\frontend\node_modules\@angular\cli\node_modules\zod\src'
npm warn tar TAR_ENTRY_ERROR ENOENT: no such file or directory, lstat 'C:\Users\GCCHackVM\hackthon\PNCAgent\PNCAI\frontend\node_modules\@angular\cli\node_modules\zod\src'
npm warn tar TAR_ENTRY_ERROR ENOENT: no such file or directory, lstat 'C:\Users\GCCHackVM\hackthon\PNCAgent\PNCAI\frontend\node_modules\@angular\cli\node_modules\zod\src'
npm warn tar TAR_ENTRY_ERROR ENOENT: no such file or directory, lstat 'C:\Users\GCCHackVM\hackthon\PNCAgent\PNCAI\frontend\node_modules\@angular\cli\node_modules\zod\src'
npm warn tar TAR_ENTRY_ERROR ENOENT: no such file or directory, lstat 'C:\Users\GCCHackVM\hackthon\PNCAgent\PNCAI\frontend\node_modules\@angular\cli\node_modules\zod\src'
npm warn tar TAR_ENTRY_ERROR ENOENT: no such file or directory, lstat 'C:\Users\GCCHackVM\hackthon\PNCAgent\PNCAI\frontend\node_modules\@angular\cli\node_modules\zod\src'
npm warn tar TAR_ENTRY_ERROR ENOENT: no such file or directory, lstat 'C:\Users\GCCHackVM\hackthon\PNCAgent\PNCAI\frontend\node_modules\@angular\cli\node_modules\zod\v3'
npm warn tar TAR_ENTRY_ERROR ENOENT: no such file or directory, lstat 'C:\Users\GCCHackVM\hackthon\PNCAgent\PNCAI\frontend\node_modules\@angular\cli\node_modules\zod\src'
npm warn tar TAR_ENTRY_ERROR ENOENT: no such file or directory, lstat 'C:\Users\GCCHackVM\hackthon\PNCAgent\PNCAI\frontend\node_modules\@angular\cli\node_modules\zod\v3'
npm warn tar TAR_ENTRY_ERROR ENOENT: no such file or directory, lstat 'C:\Users\GCCHackVM\hackthon\PNCAgent\PNCAI\frontend\node_modules\@angular\cli\node_modules\zod\src'
npm warn tar TAR_ENTRY_ERROR ENOENT: no such file or directory, lstat 'C:\Users\GCCHackVM\hackthon\PNCAgent\PNCAI\frontend\node_modules\@angular\cli\node_modules\zod\v4'
npm warn tar TAR_ENTRY_ERROR ENOENT: no such file or directory, lstat 'C:\Users\GCCHackVM\hackthon\PNCAgent\PNCAI\frontend\node_modules\@angular\cli\node_modules\zod\src'
npm warn tar TAR_ENTRY_ERROR ENOENT: no such file or directory, lstat 'C:\Users\GCCHackVM\hackthon\PNCAgent\PNCAI\frontend\node_modules\@angular\cli\node_modules\zod\v4'
npm warn tar TAR_ENTRY_ERROR ENOENT: no such file or directory, lstat 'C:\Users\GCCHackVM\hackthon\PNCAgent\PNCAI\frontend\node_modules\@angular\cli\node_modules\zod\src'
npm warn tar TAR_ENTRY_ERROR ENOENT: no such file or directory, lstat 'C:\Users\GCCHackVM\hackthon\PNCAgent\PNCAI\frontend\node_modules\@angular\cli\node_modules\zod\src'
npm warn tar TAR_ENTRY_ERROR ENOENT: no such file or directory, lstat 'C:\Users\GCCHackVM\hackthon\PNCAgent\PNCAI\frontend\node_modules\@angular\cli\node_modules\zod\src'
npm warn tar TAR_ENTRY_ERROR ENOENT: no such file or directory, lstat 'C:\Users\GCCHackVM\hackthon\PNCAgent\PNCAI\frontend\node_modules\@angular\cli\node_modules\zod\src'
npm warn tar TAR_ENTRY_ERROR ENOENT: no such file or directory, lstat 'C:\Users\GCCHackVM\hackthon\PNCAgent\PNCAI\frontend\node_modules\@angular\cli\node_modules\zod\v4'
npm warn tar TAR_ENTRY_ERROR ENOENT: no such file or directory, lstat 'C:\Users\GCCHackVM\hackthon\PNCAgent\PNCAI\frontend\node_modules\@angular\cli\node_modules\zod\src'
npm warn tar TAR_ENTRY_ERROR ENOENT: no such file or directory, lstat 'C:\Users\GCCHackVM\hackthon\PNCAgent\PNCAI\frontend\node_modules\@angular\cli\node_modules\zod\src'
npm warn tar TAR_ENTRY_ERROR ENOENT: no such file or directory, lstat 'C:\Users\GCCHackVM\hackthon\PNCAgent\PNCAI\frontend\node_modules\@angular\cli\node_modules\zod\v3'
npm warn tar TAR_ENTRY_ERROR ENOENT: no such file or directory, lstat 'C:\Users\GCCHackVM\hackthon\PNCAgent\PNCAI\frontend\node_modules\@angular\cli\node_modules\zod\v4'
npm warn tar TAR_ENTRY_ERROR ENOENT: no such file or directory, lstat 'C:\Users\GCCHackVM\hackthon\PNCAgent\PNCAI\frontend\node_modules\@angular\cli\node_modules\zod\src'
npm warn tar TAR_ENTRY_ERROR ENOENT: no such file or directory, lstat 'C:\Users\GCCHackVM\hackthon\PNCAgent\PNCAI\frontend\node_modules\@angular\cli\node_modules\zod\src'
npm warn tar TAR_ENTRY_ERROR ENOENT: no such file or directory, lstat 'C:\Users\GCCHackVM\hackthon\PNCAgent\PNCAI\frontend\node_modules\@angular\cli\node_modules\zod\v4'
npm warn tar TAR_ENTRY_ERROR ENOENT: no such file or directory, lstat 'C:\Users\GCCHackVM\hackthon\PNCAgent\PNCAI\frontend\node_modules\@angular\cli\node_modules\zod\src'
npm warn tar TAR_ENTRY_ERROR ENOENT: no such file or directory, lstat 'C:\Users\GCCHackVM\hackthon\PNCAgent\PNCAI\frontend\node_modules\@angular\cli\node_modules\zod\src'
npm warn tar TAR_ENTRY_ERROR ENOENT: no such file or directory, lstat 'C:\Users\GCCHackVM\hackthon\PNCAgent\PNCAI\frontend\node_modules\@angular\cli\node_modules\zod\src'
npm warn tar TAR_ENTRY_ERROR ENOENT: no such file or directory, lstat 'C:\Users\GCCHackVM\hackthon\PNCAgent\PNCAI\frontend\node_modules\@angular\cli\node_modules\zod\src'
npm warn tar TAR_ENTRY_ERROR ENOENT: no such file or directory, lstat 'C:\Users\GCCHackVM\hackthon\PNCAgent\PNCAI\frontend\node_modules\@angular\cli\node_modules\zod\v4'
npm warn tar TAR_ENTRY_ERROR ENOENT: no such file or directory, lstat 'C:\Users\GCCHackVM\hackthon\PNCAgent\PNCAI\frontend\node_modules\@angular\cli\node_modules\zod\src'
npm warn tar TAR_ENTRY_ERROR ENOENT: no such file or directory, lstat 'C:\Users\GCCHackVM\hackthon\PNCAgent\PNCAI\frontend\node_modules\@angular\cli\node_modules\zod\v4'
npm warn tar TAR_ENTRY_ERROR ENOENT: no such file or directory, lstat 'C:\Users\GCCHackVM\hackthon\PNCAgent\PNCAI\frontend\node_modules\@angular\cli\node_modules\zod\src'
npm warn tar TAR_ENTRY_ERROR ENOENT: no such file or directory, lstat 'C:\Users\GCCHackVM\hackthon\PNCAgent\PNCAI\frontend\node_modules\@angular\cli\node_modules\zod\src'
npm warn tar TAR_ENTRY_ERROR ENOENT: no such file or directory, lstat 'C:\Users\GCCHackVM\hackthon\PNCAgent\PNCAI\frontend\node_modules\@angular\cli\node_modules\zod\src'
npm warn tar TAR_ENTRY_ERROR ENOENT: no such file or directory, lstat 'C:\Users\GCCHackVM\hackthon\PNCAgent\PNCAI\frontend\node_modules\@angular\cli\node_modules\zod\v4'
npm warn tar TAR_ENTRY_ERROR ENOENT: no such file or directory, lstat 'C:\Users\GCCHackVM\hackthon\PNCAgent\PNCAI\frontend\node_modules\@angular\cli\node_modules\zod\src'
npm warn tar TAR_ENTRY_ERROR ENOENT: no such file or directory, lstat 'C:\Users\GCCHackVM\hackthon\PNCAgent\PNCAI\frontend\node_modules\@angular\cli\node_modules\zod\v4'
npm warn tar TAR_ENTRY_ERROR ENOENT: no such file or directory, lstat 'C:\Users\GCCHackVM\hackthon\PNCAgent\PNCAI\frontend\node_modules\@angular\cli\node_modules\zod\src'
npm warn tar TAR_ENTRY_ERROR ENOENT: no such file or directory, lstat 'C:\Users\GCCHackVM\hackthon\PNCAgent\PNCAI\frontend\node_modules\@angular\cli\node_modules\zod\v4'
npm warn tar TAR_ENTRY_ERROR ENOENT: no such file or directory, lstat 'C:\Users\GCCHackVM\hackthon\PNCAgent\PNCAI\frontend\node_modules\@angular\cli\node_modules\zod\src'
npm warn tar TAR_ENTRY_ERROR ENOENT: no such file or directory, lstat 'C:\Users\GCCHackVM\hackthon\PNCAgent\PNCAI\frontend\node_modules\@angular\cli\node_modules\zod\v3'
npm warn tar TAR_ENTRY_ERROR ENOENT: no such file or directory, lstat 'C:\Users\GCCHackVM\hackthon\PNCAgent\PNCAI\frontend\node_modules\@angular\cli\node_modules\zod\src'
npm warn tar TAR_ENTRY_ERROR ENOENT: no such file or directory, lstat 'C:\Users\GCCHackVM\hackthon\PNCAgent\PNCAI\frontend\node_modules\@angular\cli\node_modules\zod\src'
